Filename,ContaminationFraction,NumLearners,NumObservationsPerLearner,Parameter_Iteration,R0,R1,R2,R3,R4,R5,R6,R7,R8,R9
CastMetal1,0,100,auto,0,0.0,0.0,0.0,0.0,0.0,0.0,0.0,0.0,0.0,0.0
CastMetal1,0.05,100,auto,0,0.13793103448275862,0.13793103448275862,0.13793103448275862,0.13793103448275862,0.13793103448275862,0.10526315789473682,0.13793103448275862,0.13793103448275862,0.13793103448275862,0.13793103448275862
CastMetal1,0.1,100,auto,0,0.26666666666666666,0.23999999999999996,0.2432432432432432,0.23999999999999996,0.23999999999999996,0.21333333333333335,0.23999999999999996,0.26666666666666666,0.23999999999999996,0.26666666666666666
CastMetal1,0.15,100,auto,0,0.26373626373626374,0.26373626373626374,0.26373626373626374,0.2857142857142857,0.2857142857142857,0.2857142857142857,0.26373626373626374,0.2857142857142857,0.2857142857142857,0.2857142857142857
CastMetal1,0.2,100,auto,0,0.2616822429906542,0.2616822429906542,0.2641509433962264,0.28037383177570097,0.2616822429906542,0.2429906542056075,0.2641509433962264,0.28037383177570097,0.2616822429906542,0.2616822429906542
CastMetal1,0.25,100,auto,0,0.27419354838709675,0.27419354838709675,0.26016260162601623,0.29032258064516125,0.27419354838709675,0.2786885245901639,0.24193548387096775,0.27419354838709675,0.2580645161290323,0.29032258064516125
CastMetal1,LOF,100,auto,0,0.11111111111111112,0.10714285714285714,0.10714285714285714,0.14285714285714285,0.14285714285714285,0.14285714285714285,0.14285714285714285,0.14285714285714285,0.14285714285714285,0.14285714285714285
CastMetal1,IF,100,auto,0,0.21333333333333335,0.26666666666666666,0.26666666666666666,0.23999999999999996,0.23999999999999996,0.23999999999999996,0.23999999999999996,0.21333333333333335,0.23999999999999996,0.26666666666666666
CastMetal1,0,1,auto,0,0.0,0.0,0.0,0.0,0.0,0.0,0.0,0.0,0.0,0.0
CastMetal1,0,2,auto,0,0.0,0.0,0.0,0.0,0.0,0.0,0.0,0.0,0.0,0.0
CastMetal1,0,4,auto,0,0.0,0.0,0.0,0.0,0.0,0.0,0.0,0.0,0.0,0.0
CastMetal1,0,8,auto,0,0.0,0.0,0.0,0.0,0.0,0.0,0.0,0.0,0.0,0.0
CastMetal1,0,16,auto,0,0.0,0.0,0.0,0.0,0.0,0.0,0.0,0.0,0.0,0.0
CastMetal1,0,32,auto,0,0.0,0.0,0.0,0.0,0.0,0.0,0.0,0.0,0.0,0.0
CastMetal1,0,64,auto,0,0.0,0.0,0.0,0.0,0.0,0.0,0.0,0.0,0.0,0.0
CastMetal1,0,100,auto,0,0.0,0.0,0.0,0.0,0.0,0.0,0.0,0.0,0.0,0.0
CastMetal1,0,128,auto,0,0.0,0.0,0.0,0.0,0.0,0.0,0.0,0.0,0.0,0.0
CastMetal1,0,256,auto,0,0.0,0.0,0.0,0.0,0.0,0.0,0.0,0.0,0.0,0.0
CastMetal1,0,512,auto,0,0.0,0.0,0.0,0.0,0.0,0.0,0.0,0.0,0.0,0.0
CastMetal1,0,100,auto,0,0.0,0.0,0.0,0.0,0.0,0.0,0.0,0.0,0.0,0.0
CastMetal1,0,100,0.05,0,0.0,0.0,0.0,0.0,0.0,0.0,0.0,0.0,0.0,0.0
CastMetal1,0,100,0.1,0,0.0,0.0,0.0,0.0,0.0,0.0,0.0,0.0,0.0,0.0
CastMetal1,0,100,0.2,0,0.0,0.0,0.0,0.0,0.0,0.0,0.0,0.0,0.0,0.0
CastMetal1,0,100,0.5,0,0.0,0.0,0.0,0.0,0.0,0.0,0.0,0.0,0.0,0.0
CastMetal1,0,100,1,0,0.0,0.0,0.0,0.0,0.0,0.0,0.0,0.0,0.0,0.0
CostaMadre1,0,100,auto,0,0.0,0.0,0.0,0.0,0.0,0.0,0.0,0.0,0.0,0.0
CostaMadre1,0.05,100,auto,0,0.1509433962264151,0.1509433962264151,0.18867924528301885,0.11320754716981134,0.1509433962264151,0.18867924528301885,0.1509433962264151,0.11320754716981134,0.11320754716981134,0.18867924528301885
CostaMadre1,0.1,100,auto,0,0.2647058823529412,0.2647058823529412,0.23880597014925373,0.2647058823529412,0.23529411764705882,0.23529411764705882,0.2647058823529412,0.2647058823529412,0.2647058823529412,0.29411764705882354
CostaMadre1,0.15,100,auto,0,0.2682926829268293,0.2682926829268293,0.2682926829268293,0.2682926829268293,0.2682926829268293,0.2716049382716049,0.2682926829268293,0.2682926829268293,0.2682926829268293,0.2682926829268293
CostaMadre1,0.2,100,auto,0,0.288659793814433,0.288659793814433,0.24742268041237114,0.288659793814433,0.26804123711340205,0.24742268041237114,0.26804123711340205,0.288659793814433,0.26804123711340205,0.26804123711340205
CostaMadre1,0.25,100,auto,0,0.26785714285714285,0.26785714285714285,0.26785714285714285,0.26785714285714285,0.26785714285714285,0.25,0.26785714285714285,0.28571428571428575,0.26785714285714285,0.28571428571428575
CostaMadre1,LOF,100,auto,0,0.11764705882352941,0.0784313725490196,0.11764705882352941,0.11764705882352941,0.1568627450980392,0.11764705882352941,0.11764705882352941,0.11764705882352941,0.0784313725490196,0.11764705882352941
CostaMadre1,IF,100,auto,0,0.31884057971014496,0.2608695652173913,0.23188405797101447,0.2608695652173913,0.23529411764705882,0.2898550724637681,0.2608695652173913,0.31884057971014496,0.2608695652173913,0.2608695652173913
CostaMadre1,0,1,auto,0,0.0,0.0,0.0,0.0,0.0,0.0,0.0,0.0,0.0,0.0
CostaMadre1,0,2,auto,0,0.0,0.0,0.0,0.0,0.0,0.0,0.0,0.0,0.0,0.0
CostaMadre1,0,4,auto,0,0.0,0.0,0.0,0.0,0.0,0.0,0.0,0.0,0.0,0.0
CostaMadre1,0,8,auto,0,0.0,0.0,0.0,0.0,0.0,0.0,0.0,0.0,0.0,0.0
CostaMadre1,0,16,auto,0,0.0,0.0,0.0,0.0,0.0,0.0,0.0,0.0,0.0,0.0
CostaMadre1,0,32,auto,0,0.0,0.0,0.0,0.0,0.0,0.0,0.0,0.0,0.0,0.0
CostaMadre1,0,64,auto,0,0.0,0.0,0.0,0.0,0.0,0.0,0.0,0.0,0.0,0.0
CostaMadre1,0,100,auto,0,0.0,0.0,0.0,0.0,0.0,0.0,0.0,0.0,0.0,0.0
CostaMadre1,0,128,auto,0,0.0,0.0,0.0,0.0,0.0,0.0,0.0,0.0,0.0,0.0
CostaMadre1,0,256,auto,0,0.0,0.0,0.0,0.0,0.0,0.0,0.0,0.0,0.0,0.0
CostaMadre1,0,512,auto,0,0.0,0.0,0.0,0.0,0.0,0.0,0.0,0.0,0.0,0.0
CostaMadre1,0,100,auto,0,0.0,0.0,0.0,0.0,0.0,0.0,0.0,0.0,0.0,0.0
CostaMadre1,0,100,0.05,0,0.0,0.0,0.0,0.0,0.0,0.0,0.0,0.0,0.0,0.0
CostaMadre1,0,100,0.1,0,0.0,0.0,0.0,0.0,0.0,0.0,0.0,0.0,0.0,0.0
CostaMadre1,0,100,0.2,0,0.0,0.0,0.0,0.0,0.0,0.0,0.0,0.0,0.0,0.0
CostaMadre1,0,100,0.5,0,0.0,0.0,0.0,0.0,0.0,0.0,0.0,0.0,0.0,0.0
CostaMadre1,0,100,1,0,0.0,0.0,0.0,0.0,0.0,0.0,0.0,0.0,0.0,0.0
KnuggetChase3,0,100,auto,0,0.0,0.0,0.0,0.0,0.0,0.0,0.0,0.0,0.0,0.0
KnuggetChase3,0.05,100,auto,0,0.1739130434782609,0.13043478260869565,0.13043478260869565,0.13043478260869565,0.1739130434782609,0.13043478260869565,0.1739130434782609,0.1739130434782609,0.1739130434782609,0.13043478260869565
KnuggetChase3,0.1,100,auto,0,0.2909090909090909,0.2909090909090909,0.2909090909090909,0.2909090909090909,0.2909090909090909,0.32727272727272727,0.2909090909090909,0.2545454545454545,0.2909090909090909,0.2545454545454545
KnuggetChase3,0.15,100,auto,0,0.36923076923076925,0.36923076923076925,0.3384615384615385,0.39999999999999997,0.39999999999999997,0.36923076923076925,0.39999999999999997,0.36923076923076925,0.36923076923076925,0.36923076923076925
KnuggetChase3,0.2,100,auto,0,0.3733333333333333,0.4,0.40540540540540543,0.3733333333333333,0.3733333333333333,0.3733333333333333,0.3733333333333333,0.4,0.3733333333333333,0.3733333333333333
KnuggetChase3,0.25,100,auto,0,0.4047619047619048,0.4047619047619048,0.4047619047619048,0.380952380952381,0.4047619047619048,0.35714285714285715,0.4047619047619048,0.380952380952381,0.4047619047619048,0.38554216867469876
KnuggetChase3,LOF,100,auto,0,0.2857142857142857,0.2857142857142857,0.2857142857142857,0.2857142857142857,0.2857142857142857,0.32142857142857145,0.25,0.32142857142857145,0.32142857142857145,0.32142857142857145
KnuggetChase3,IF,100,auto,0,0.3389830508474576,0.3050847457627119,0.3389830508474576,0.3389830508474576,0.3050847457627119,0.3050847457627119,0.3050847457627119,0.3389830508474576,0.3389830508474576,0.3389830508474576
KnuggetChase3,0,1,auto,0,0.0,0.0,0.0,0.0,0.0,0.0,0.0,0.0,0.0,0.0
KnuggetChase3,0,2,auto,0,0.0,0.0,0.0,0.0,0.0,0.0,0.0,0.0,0.0,0.0
KnuggetChase3,0,4,auto,0,0.0,0.0,0.0,0.0,0.0,0.0,0.0,0.0,0.0,0.0
KnuggetChase3,0,8,auto,0,0.0,0.0,0.0,0.0,0.0,0.0,0.0,0.0,0.0,0.0
KnuggetChase3,0,16,auto,0,0.0,0.0,0.0,0.0,0.0,0.0,0.0,0.0,0.0,0.0
KnuggetChase3,0,32,auto,0,0.0,0.0,0.0,0.0,0.0,0.0,0.0,0.0,0.0,0.0
KnuggetChase3,0,64,auto,0,0.0,0.0,0.0,0.0,0.0,0.0,0.0,0.0,0.0,0.0
KnuggetChase3,0,100,auto,0,0.0,0.0,0.0,0.0,0.0,0.0,0.0,0.0,0.0,0.0
KnuggetChase3,0,128,auto,0,0.0,0.0,0.0,0.0,0.0,0.0,0.0,0.0,0.0,0.0
KnuggetChase3,0,256,auto,0,0.0,0.0,0.0,0.0,0.0,0.0,0.0,0.0,0.0,0.0
KnuggetChase3,0,512,auto,0,0.0,0.0,0.0,0.0,0.0,0.0,0.0,0.0,0.0,0.0
KnuggetChase3,0,100,auto,0,0.0,0.0,0.0,0.0,0.0,0.0,0.0,0.0,0.0,0.0
KnuggetChase3,0,100,0.05,0,0.0,0.0,0.0,0.0,0.0,0.0,0.0,0.0,0.0,0.0
KnuggetChase3,0,100,0.1,0,0.0,0.0,0.0,0.0,0.0,0.0,0.0,0.0,0.0,0.0
KnuggetChase3,0,100,0.2,0,0.0,0.0,0.0,0.0,0.0,0.0,0.0,0.0,0.0,0.0
KnuggetChase3,0,100,0.5,0,0.0,0.0,0.0,0.0,0.0,0.0,0.0,0.0,0.0,0.0
KnuggetChase3,0,100,1,0,0.0,0.0,0.0,0.0,0.0,0.0,0.0,0.0,0.0,0.0
KungChi3,0,100,auto,0,0.0,0.0,0.0,0.0,0.0,0.0,0.0,0.0,0.0,0.0
KungChi3,0.05,100,auto,0,0.2727272727272727,0.2727272727272727,0.2727272727272727,0.2727272727272727,0.2727272727272727,0.2727272727272727,0.2727272727272727,0.2727272727272727,0.2727272727272727,0.2727272727272727
KungChi3,0.1,100,auto,0,0.28571428571428575,0.35714285714285715,0.28571428571428575,0.28571428571428575,0.35714285714285715,0.35714285714285715,0.35714285714285715,0.35714285714285715,0.28571428571428575,0.35714285714285715
KungChi3,0.15,100,auto,0,0.411764705882353,0.42424242424242425,0.411764705882353,0.411764705882353,0.47058823529411764,0.411764705882353,0.47058823529411764,0.411764705882353,0.47058823529411764,0.47058823529411764
KungChi3,0.2,100,auto,0,0.39024390243902435,0.43902439024390244,0.39024390243902435,0.39024390243902435,0.34146341463414637,0.39024390243902435,0.43902439024390244,0.39024390243902435,0.34146341463414637,0.34146341463414637
KungChi3,0.25,100,auto,0,0.3829787234042554,0.3829787234042554,0.3404255319148936,0.425531914893617,0.3829787234042554,0.425531914893617,0.3829787234042554,0.3829787234042554,0.3913043478260869,0.3829787234042554
KungChi3,LOF,100,auto,0,0.23076923076923075,0.3076923076923077,0.3076923076923077,0.3076923076923077,0.23076923076923075,0.3076923076923077,0.3076923076923077,0.3076923076923077,0.23076923076923075,0.23076923076923075
KungChi3,IF,100,auto,0,0.4375,0.4375,0.4375,0.4375,0.4375,0.375,0.38709677419354843,0.4375,0.4375,0.4375
KungChi3,0,1,auto,0,0.0,0.0,0.0,0.0,0.0,0.0,0.0,0.0,0.0,0.0
KungChi3,0,2,auto,0,0.0,0.0,0.0,0.0,0.0,0.0,0.0,0.0,0.0,0.0
KungChi3,0,4,auto,0,0.0,0.0,0.0,0.0,0.0,0.0,0.0,0.0,0.0,0.0
KungChi3,0,8,auto,0,0.0,0.0,0.0,0.0,0.0,0.0,0.0,0.0,0.0,0.0
KungChi3,0,16,auto,0,0.0,0.0,0.0,0.0,0.0,0.0,0.0,0.0,0.0,0.0
KungChi3,0,32,auto,0,0.0,0.0,0.0,0.0,0.0,0.0,0.0,0.0,0.0,0.0
KungChi3,0,64,auto,0,0.0,0.0,0.0,0.0,0.0,0.0,0.0,0.0,0.0,0.0
KungChi3,0,100,auto,0,0.0,0.0,0.0,0.0,0.0,0.0,0.0,0.0,0.0,0.0
KungChi3,0,128,auto,0,0.0,0.0,0.0,0.0,0.0,0.0,0.0,0.0,0.0,0.0
KungChi3,0,256,auto,0,0.0,0.0,0.0,0.0,0.0,0.0,0.0,0.0,0.0,0.0
KungChi3,0,512,auto,0,0.0,0.0,0.0,0.0,0.0,0.0,0.0,0.0,0.0,0.0
KungChi3,0,100,auto,0,0.0,0.0,0.0,0.0,0.0,0.0,0.0,0.0,0.0,0.0
KungChi3,0,100,0.05,0,0.0,0.0,0.0,0.0,0.0,0.0,0.0,0.0,0.0,0.0
KungChi3,0,100,0.1,0,0.0,0.0,0.0,0.0,0.0,0.0,0.0,0.0,0.0,0.0
KungChi3,0,100,0.2,0,0.0,0.0,0.0,0.0,0.0,0.0,0.0,0.0,0.0,0.0
KungChi3,0,100,0.5,0,0.0,0.0,0.0,0.0,0.0,0.0,0.0,0.0,0.0,0.0
KungChi3,0,100,1,0,0.0,0.0,0.0,0.0,0.0,0.0,0.0,0.0,0.0,0.0
MeanWhile1,0,100,auto,0,0.0,0.0,0.0,0.0,0.0,0.0,0.0,0.0,0.0,0.0
MeanWhile1,0.05,100,auto,0,0.1,0.1,0.1,0.15,0.1,0.1,0.1,0.1,0.15,0.1
MeanWhile1,0.1,100,auto,0,0.23076923076923075,0.1923076923076923,0.2692307692307692,0.23076923076923075,0.23076923076923075,0.23076923076923075,0.2692307692307692,0.2692307692307692,0.23076923076923075,0.2692307692307692
MeanWhile1,0.15,100,auto,0,0.21875,0.2769230769230769,0.24615384615384617,0.24615384615384617,0.2769230769230769,0.2769230769230769,0.2769230769230769,0.24615384615384617,0.2769230769230769,0.24615384615384617
MeanWhile1,0.2,100,auto,0,0.30769230769230765,0.3333333333333333,0.2564102564102564,0.2820512820512821,0.3333333333333333,0.2564102564102564,0.3333333333333333,0.2564102564102564,0.30769230769230765,0.2820512820512821
MeanWhile1,0.25,100,auto,0,0.3111111111111111,0.28888888888888886,0.3111111111111111,0.3111111111111111,0.3111111111111111,0.26666666666666666,0.28888888888888886,0.28888888888888886,0.28888888888888886,0.26666666666666666
MeanWhile1,LOF,100,auto,0,0.10810810810810811,0.10810810810810811,0.10810810810810811,0.10810810810810811,0.10810810810810811,0.10810810810810811,0.10810810810810811,0.10810810810810811,0.10810810810810811,0.10810810810810811
MeanWhile1,IF,100,auto,0,0.2692307692307692,0.23076923076923075,0.27450980392156865,0.23076923076923075,0.23076923076923075,0.1923076923076923,0.1923076923076923,0.23076923076923075,0.23076923076923075,0.2692307692307692
MeanWhile1,0,1,auto,0,0.0,0.0,0.0,0.0,0.0,0.0,0.0,0.0,0.0,0.0
MeanWhile1,0,2,auto,0,0.0,0.0,0.0,0.0,0.0,0.0,0.0,0.0,0.0,0.0
MeanWhile1,0,4,auto,0,0.0,0.0,0.0,0.0,0.0,0.0,0.0,0.0,0.0,0.0
MeanWhile1,0,8,auto,0,0.0,0.0,0.0,0.0,0.0,0.0,0.0,0.0,0.0,0.0
MeanWhile1,0,16,auto,0,0.0,0.0,0.0,0.0,0.0,0.0,0.0,0.0,0.0,0.0
MeanWhile1,0,32,auto,0,0.0,0.0,0.0,0.0,0.0,0.0,0.0,0.0,0.0,0.0
MeanWhile1,0,64,auto,0,0.0,0.0,0.0,0.0,0.0,0.0,0.0,0.0,0.0,0.0
MeanWhile1,0,100,auto,0,0.0,0.0,0.0,0.0,0.0,0.0,0.0,0.0,0.0,0.0
MeanWhile1,0,128,auto,0,0.0,0.0,0.0,0.0,0.0,0.0,0.0,0.0,0.0,0.0
MeanWhile1,0,256,auto,0,0.0,0.0,0.0,0.0,0.0,0.0,0.0,0.0,0.0,0.0
MeanWhile1,0,512,auto,0,0.0,0.0,0.0,0.0,0.0,0.0,0.0,0.0,0.0,0.0
MeanWhile1,0,100,auto,0,0.0,0.0,0.0,0.0,0.0,0.0,0.0,0.0,0.0,0.0
MeanWhile1,0,100,0.05,0,0.0,0.0,0.0,0.0,0.0,0.0,0.0,0.0,0.0,0.0
MeanWhile1,0,100,0.1,0,0.0,0.0,0.0,0.0,0.0,0.0,0.0,0.0,0.0,0.0
MeanWhile1,0,100,0.2,0,0.0,0.0,0.0,0.0,0.0,0.0,0.0,0.0,0.0,0.0
MeanWhile1,0,100,0.5,0,0.0,0.0,0.0,0.0,0.0,0.0,0.0,0.0,0.0,0.0
MeanWhile1,0,100,1,0,0.0,0.0,0.0,0.0,0.0,0.0,0.0,0.0,0.0,0.0
MegaWatt1,0,100,auto,0,0.0,0.0,0.0,0.0,0.0,0.0,0.0,0.0,0.0,0.0
MegaWatt1,0.05,100,auto,0,0.15,0.1,0.1,0.1,0.15,0.15,0.15,0.1,0.15,0.1
MegaWatt1,0.1,100,auto,0,0.23076923076923075,0.2692307692307692,0.2692307692307692,0.23076923076923075,0.2692307692307692,0.2692307692307692,0.23076923076923075,0.23076923076923075,0.23076923076923075,0.2692307692307692
MegaWatt1,0.15,100,auto,0,0.2153846153846154,0.24615384615384617,0.2769230769230769,0.24615384615384617,0.24615384615384617,0.24615384615384617,0.24615384615384617,0.2769230769230769,0.24615384615384617,0.24615384615384617
MegaWatt1,0.2,100,auto,0,0.2564102564102564,0.2820512820512821,0.2820512820512821,0.2820512820512821,0.3333333333333333,0.2857142857142857,0.2820512820512821,0.30769230769230765,0.2857142857142857,0.2820512820512821
MegaWatt1,0.25,100,auto,0,0.28888888888888886,0.28888888888888886,0.33333333333333326,0.28888888888888886,0.3111111111111111,0.28888888888888886,0.28888888888888886,0.28888888888888886,0.28888888888888886,0.28888888888888886
MegaWatt1,LOF,100,auto,0,0.10810810810810811,0.10810810810810811,0.10810810810810811,0.10810810810810811,0.10810810810810811,0.10810810810810811,0.10810810810810811,0.10810810810810811,0.10810810810810811,0.10810810810810811
MegaWatt1,IF,100,auto,0,0.22641509433962265,0.2641509433962264,0.2641509433962264,0.22641509433962265,0.22641509433962265,0.25925925925925924,0.25925925925925924,0.25925925925925924,0.25925925925925924,0.2641509433962264
MegaWatt1,0,1,auto,0,0.0,0.0,0.0,0.0,0.0,0.0,0.0,0.0,0.0,0.0
MegaWatt1,0,2,auto,0,0.0,0.0,0.0,0.0,0.0,0.0,0.0,0.0,0.0,0.0
MegaWatt1,0,4,auto,0,0.0,0.0,0.0,0.0,0.0,0.0,0.0,0.0,0.0,0.0
MegaWatt1,0,8,auto,0,0.0,0.0,0.0,0.0,0.0,0.0,0.0,0.0,0.0,0.0
MegaWatt1,0,16,auto,0,0.0,0.0,0.0,0.0,0.0,0.0,0.0,0.0,0.0,0.0
MegaWatt1,0,32,auto,0,0.0,0.0,0.0,0.0,0.0,0.0,0.0,0.0,0.0,0.0
MegaWatt1,0,64,auto,0,0.0,0.0,0.0,0.0,0.0,0.0,0.0,0.0,0.0,0.0
MegaWatt1,0,100,auto,0,0.0,0.0,0.0,0.0,0.0,0.0,0.0,0.0,0.0,0.0
MegaWatt1,0,128,auto,0,0.0,0.0,0.0,0.0,0.0,0.0,0.0,0.0,0.0,0.0
MegaWatt1,0,256,auto,0,0.0,0.0,0.0,0.0,0.0,0.0,0.0,0.0,0.0,0.0
MegaWatt1,0,512,auto,0,0.0,0.0,0.0,0.0,0.0,0.0,0.0,0.0,0.0,0.0
MegaWatt1,0,100,auto,0,0.0,0.0,0.0,0.0,0.0,0.0,0.0,0.0,0.0,0.0
MegaWatt1,0,100,0.05,0,0.0,0.0,0.0,0.0,0.0,0.0,0.0,0.0,0.0,0.0
MegaWatt1,0,100,0.1,0,0.0,0.0,0.0,0.0,0.0,0.0,0.0,0.0,0.0,0.0
MegaWatt1,0,100,0.2,0,0.0,0.0,0.0,0.0,0.0,0.0,0.0,0.0,0.0,0.0
MegaWatt1,0,100,0.5,0,0.0,0.0,0.0,0.0,0.0,0.0,0.0,0.0,0.0,0.0
MegaWatt1,0,100,1,0,0.0,0.0,0.0,0.0,0.0,0.0,0.0,0.0,0.0,0.0
PieChart1,0,100,auto,0,0.0,0.0,0.0,0.0,0.0,0.0,0.0,0.0,0.0,0.0
PieChart1,0.05,100,auto,0,0.23404255319148934,0.25,0.22916666666666669,0.22916666666666669,0.22916666666666669,0.25,0.25,0.20833333333333334,0.25,0.22916666666666669
PieChart1,0.1,100,auto,0,0.2900763358778626,0.2900763358778626,0.27480916030534347,0.2900763358778626,0.30534351145038163,0.2900763358778626,0.27480916030534347,0.27480916030534347,0.30534351145038163,0.27480916030534347
PieChart1,0.15,100,auto,0,0.28742514970059885,0.27544910179640714,0.27544910179640714,0.27544910179640714,0.28742514970059885,0.28742514970059885,0.28742514970059885,0.2634730538922156,0.27544910179640714,0.27544910179640714
PieChart1,0.2,100,auto,0,0.2475247524752475,0.25742574257425743,0.25742574257425743,0.24875621890547261,0.2475247524752475,0.25,0.2475247524752475,0.25742574257425743,0.2475247524752475,0.2388059701492537
PieChart1,0.25,100,auto,0,0.2362869198312236,0.2531645569620253,0.24472573839662443,0.2362869198312236,0.2531645569620253,0.2362869198312236,0.2362869198312236,0.2362869198312236,0.22784810126582278,0.22784810126582278
PieChart1,LOF,100,auto,0,0.12195121951219512,0.12345679012345678,0.12195121951219512,0.14634146341463414,0.12195121951219512,0.0975609756097561,0.12195121951219512,0.12195121951219512,0.14634146341463414,0.12195121951219512
PieChart1,IF,100,auto,0,0.2857142857142857,0.2857142857142857,0.2698412698412698,0.2857142857142857,0.2857142857142857,0.3015873015873016,0.2857142857142857,0.2857142857142857,0.2903225806451613,0.2857142857142857
PieChart1,0,1,auto,0,0.0,0.0,0.0,0.0,0.0,0.0,0.0,0.0,0.0,0.0
PieChart1,0,2,auto,0,0.0,0.0,0.0,0.0,0.0,0.0,0.0,0.0,0.0,0.0
PieChart1,0,4,auto,0,0.0,0.0,0.0,0.0,0.0,0.0,0.0,0.0,0.0,0.0
PieChart1,0,8,auto,0,0.0,0.0,0.0,0.0,0.0,0.0,0.0,0.0,0.0,0.0
PieChart1,0,16,auto,0,0.0,0.0,0.0,0.0,0.0,0.0,0.0,0.0,0.0,0.0
PieChart1,0,32,auto,0,0.0,0.0,0.0,0.0,0.0,0.0,0.0,0.0,0.0,0.0
PieChart1,0,64,auto,0,0.0,0.0,0.0,0.0,0.0,0.0,0.0,0.0,0.0,0.0
PieChart1,0,100,auto,0,0.0,0.0,0.0,0.0,0.0,0.0,0.0,0.0,0.0,0.0
PieChart1,0,128,auto,0,0.0,0.0,0.0,0.0,0.0,0.0,0.0,0.0,0.0,0.0
PieChart1,0,256,auto,0,0.0,0.0,0.0,0.0,0.0,0.0,0.0,0.0,0.0,0.0
PieChart1,0,512,auto,0,0.0,0.0,0.0,0.0,0.0,0.0,0.0,0.0,0.0,0.0
PieChart1,0,100,auto,0,0.0,0.0,0.0,0.0,0.0,0.0,0.0,0.0,0.0,0.0
PieChart1,0,100,0.05,0,0.0,0.0,0.0,0.0,0.0,0.0,0.0,0.0,0.0,0.0
PieChart1,0,100,0.1,0,0.0,0.0,0.0,0.0,0.0,0.0,0.0,0.0,0.0,0.0
PieChart1,0,100,0.2,0,0.0,0.0,0.0,0.0,0.0,0.0,0.0,0.0,0.0,0.0
PieChart1,0,100,0.5,0,0.0,0.0,0.0,0.0,0.0,0.0,0.0,0.0,0.0,0.0
PieChart1,0,100,1,0,0.0,0.0,0.0,0.0,0.0,0.0,0.0,0.0,0.0,0.0
PieChart2,0,100,auto,0,0.0,0.0,0.0,0.0,0.0,0.0,0.0,0.0,0.0,0.0
PieChart2,0.05,100,auto,0,0.07547169811320754,0.07692307692307691,0.07547169811320754,0.07547169811320754,0.07547169811320754,0.07547169811320754,0.11320754716981132,0.11538461538461539,0.07547169811320754,0.07547169811320754
PieChart2,0.1,100,auto,0,0.13333333333333333,0.11111111111111112,0.11111111111111112,0.11111111111111112,0.11111111111111112,0.11111111111111112,0.13333333333333333,0.11235955056179775,0.13333333333333333,0.13333333333333333
PieChart2,0.15,100,auto,0,0.140625,0.125,0.12598425196850394,0.125,0.109375,0.109375,0.109375,0.109375,0.125,0.140625
PieChart2,0.2,100,auto,0,0.10909090909090909,0.10909090909090909,0.10909090909090909,0.10909090909090909,0.1111111111111111,0.10909090909090909,0.10909090909090909,0.12121212121212122,0.10909090909090909,0.10975609756097561
PieChart2,0.25,100,auto,0,0.09900990099009901,0.09900990099009901,0.09900990099009901,0.09900990099009901,0.09900990099009901,0.09900990099009901,0.09900990099009901,0.09900990099009901,0.09900990099009901,0.09900990099009901
PieChart2,LOF,100,auto,0,0.07999999999999999,0.12,0.07999999999999999,0.07999999999999999,0.12,0.07999999999999999,0.07999999999999999,0.0816326530612245,0.07999999999999999,0.07999999999999999
PieChart2,IF,100,auto,0,0.1081081081081081,0.1081081081081081,0.08108108108108109,0.08108108108108109,0.1081081081081081,0.08108108108108109,0.1095890410958904,0.1081081081081081,0.13513513513513514,0.08108108108108109
PieChart2,0,1,auto,0,0.0,0.0,0.0,0.0,0.0,0.0,0.0,0.0,0.0,0.0
PieChart2,0,2,auto,0,0.0,0.0,0.0,0.0,0.0,0.0,0.0,0.0,0.0,0.0
PieChart2,0,4,auto,0,0.0,0.0,0.0,0.0,0.0,0.0,0.0,0.0,0.0,0.0
PieChart2,0,8,auto,0,0.0,0.0,0.0,0.0,0.0,0.0,0.0,0.0,0.0,0.0
PieChart2,0,16,auto,0,0.0,0.0,0.0,0.0,0.0,0.0,0.0,0.0,0.0,0.0
PieChart2,0,32,auto,0,0.0,0.0,0.0,0.0,0.0,0.0,0.0,0.0,0.0,0.0
PieChart2,0,64,auto,0,0.0,0.0,0.0,0.0,0.0,0.0,0.0,0.0,0.0,0.0
PieChart2,0,100,auto,0,0.0,0.0,0.0,0.0,0.0,0.0,0.0,0.0,0.0,0.0
PieChart2,0,128,auto,0,0.0,0.0,0.0,0.0,0.0,0.0,0.0,0.0,0.0,0.0
PieChart2,0,256,auto,0,0.0,0.0,0.0,0.0,0.0,0.0,0.0,0.0,0.0,0.0
PieChart2,0,512,auto,0,0.0,0.0,0.0,0.0,0.0,0.0,0.0,0.0,0.0,0.0
PieChart2,0,100,auto,0,0.0,0.0,0.0,0.0,0.0,0.0,0.0,0.0,0.0,0.0
PieChart2,0,100,0.05,0,0.0,0.0,0.0,0.0,0.0,0.0,0.0,0.0,0.0,0.0
PieChart2,0,100,0.1,0,0.0,0.0,0.0,0.0,0.0,0.0,0.0,0.0,0.0,0.0
PieChart2,0,100,0.2,0,0.0,0.0,0.0,0.0,0.0,0.0,0.0,0.0,0.0,0.0
PieChart2,0,100,0.5,0,0.0,0.0,0.0,0.0,0.0,0.0,0.0,0.0,0.0,0.0
PieChart2,0,100,1,0,0.0,0.0,0.0,0.0,0.0,0.0,0.0,0.0,0.0,0.0
PieChart3,0,100,auto,0,0.0,0.0,0.0,0.0,0.0,0.0,0.0,0.0,0.0,0.0
PieChart3,0.05,100,auto,0,0.10638297872340424,0.1170212765957447,0.10638297872340424,0.1170212765957447,0.1170212765957447,0.1170212765957447,0.09574468085106383,0.10638297872340424,0.0748663101604278,0.1170212765957447
PieChart3,0.1,100,auto,0,0.1983471074380165,0.2066115702479339,0.22314049586776857,0.2066115702479339,0.19999999999999998,0.1983471074380165,0.23236514522821577,0.1991701244813278,0.21487603305785125,0.21576763485477177
PieChart3,0.15,100,auto,0,0.2635135135135135,0.23648648648648649,0.25675675675675674,0.28378378378378377,0.27702702702702703,0.28474576271186436,0.28378378378378377,0.27702702702702703,0.2972972972972973,0.25675675675675674
PieChart3,0.2,100,auto,0,0.31518624641833815,0.2922636103151863,0.3160919540229885,0.3094555873925502,0.2873563218390805,0.32369942196531787,0.31518624641833815,0.2922636103151863,0.31034482758620685,0.3037249283667622
PieChart3,0.25,100,auto,0,0.32258064516129037,0.3333333333333333,0.3192019950124688,0.32754342431761785,0.34413965087281806,0.3383084577114428,0.31265508684863524,0.32418952618453867,0.3333333333333333,0.3325062034739454
PieChart3,LOF,100,auto,0,0.013157894736842106,0.013157894736842106,0.013157894736842106,0.013157894736842106,0.013157894736842106,0.013157894736842106,0.013157894736842106,0.013157894736842106,0.013157894736842106,0.013157894736842106
PieChart3,IF,100,auto,0,0.18502202643171806,0.17621145374449337,0.18502202643171806,0.17621145374449337,0.18502202643171806,0.17621145374449337,0.17621145374449337,0.18666666666666668,0.18502202643171806,0.1938325991189427
PieChart3,0,1,auto,0,0.0,0.0,0.0,0.0,0.0,0.0,0.0,0.0,0.0,0.0
PieChart3,0,2,auto,0,0.0,0.0,0.0,0.0,0.0,0.0,0.0,0.0,0.0,0.0
PieChart3,0,4,auto,0,0.0,0.0,0.0,0.0,0.0,0.0,0.0,0.0,0.0,0.0
PieChart3,0,8,auto,0,0.0,0.0,0.0,0.0,0.0,0.0,0.0,0.0,0.0,0.0
PieChart3,0,16,auto,0,0.0,0.0,0.0,0.0,0.0,0.0,0.0,0.0,0.0,0.0
PieChart3,0,32,auto,0,0.0,0.0,0.0,0.0,0.0,0.0,0.0,0.0,0.0,0.0
PieChart3,0,64,auto,0,0.0,0.0,0.0,0.0,0.0,0.0,0.0,0.0,0.0,0.0
PieChart3,0,100,auto,0,0.0,0.0,0.0,0.0,0.0,0.0,0.0,0.0,0.0,0.0
PieChart3,0,128,auto,0,0.0,0.0,0.0,0.0,0.0,0.0,0.0,0.0,0.0,0.0
PieChart3,0,256,auto,0,0.0,0.0,0.0,0.0,0.0,0.0,0.0,0.0,0.0,0.0
PieChart3,0,512,auto,0,0.0,0.0,0.0,0.0,0.0,0.0,0.0,0.0,0.0,0.0
PieChart3,0,100,auto,0,0.0,0.0,0.0,0.0,0.0,0.0,0.0,0.0,0.0,0.0
PieChart3,0,100,0.05,0,0.0,0.0,0.0,0.0,0.0,0.0,0.0,0.0,0.0,0.0
PieChart3,0,100,0.1,0,0.0,0.0,0.0,0.0,0.0,0.0,0.0,0.0,0.0,0.0
PieChart3,0,100,0.2,0,0.0,0.0,0.0,0.0,0.0,0.0,0.0,0.0,0.0,0.0
PieChart3,0,100,0.5,0,0.0,0.0,0.0,0.0,0.0,0.0,0.0,0.0,0.0,0.0
PieChart3,0,100,1,0,0.0,0.0,0.0,0.0,0.0,0.0,0.0,0.0,0.0,0.0
PizzaCutter1,0,100,auto,0,0.0,0.0,0.0,0.0,0.0,0.0,0.0,0.0,0.0,0.0
PizzaCutter1,0.05,100,auto,0,0.23529411764705882,0.23529411764705882,0.23529411764705882,0.21176470588235294,0.2142857142857143,0.25882352941176473,0.23529411764705882,0.25882352941176473,0.23529411764705882,0.23529411764705882
PizzaCutter1,0.1,100,auto,0,0.2905982905982906,0.288135593220339,0.3050847457627119,0.288135593220339,0.288135593220339,0.288135593220339,0.3050847457627119,0.2711864406779661,0.288135593220339,0.288135593220339
PizzaCutter1,0.15,100,auto,0,0.25165562913907286,0.25165562913907286,0.26666666666666666,0.2649006622516556,0.25165562913907286,0.2649006622516556,0.2649006622516556,0.2649006622516556,0.25165562913907286,0.2649006622516556
PizzaCutter1,0.2,100,auto,0,0.25,0.22826086956521738,0.22950819672131145,0.23913043478260868,0.26086956521739135,0.22826086956521738,0.23913043478260868,0.23913043478260868,0.22826086956521738,0.23913043478260868
PizzaCutter1,0.25,100,auto,0,0.23148148148148148,0.2222222222222222,0.21198156682027652,0.24074074074074073,0.21198156682027652,0.2304147465437788,0.2304147465437788,0.22119815668202766,0.22119815668202766,0.215962441314554
PizzaCutter1,LOF,100,auto,0,0.0625,0.0625,0.0625,0.0625,0.0625,0.0625,0.0625,0.0625,0.0625,0.0625
PizzaCutter1,IF,100,auto,0,0.2608695652173913,0.2807017543859649,0.2782608695652174,0.29565217391304344,0.2782608695652174,0.29565217391304344,0.29565217391304344,0.2782608695652174,0.29565217391304344,0.2782608695652174
PizzaCutter1,0,1,auto,0,0.0,0.0,0.0,0.0,0.0,0.0,0.0,0.0,0.0,0.0
PizzaCutter1,0,2,auto,0,0.0,0.0,0.0,0.0,0.0,0.0,0.0,0.0,0.0,0.0
PizzaCutter1,0,4,auto,0,0.0,0.0,0.0,0.0,0.0,0.0,0.0,0.0,0.0,0.0
PizzaCutter1,0,8,auto,0,0.0,0.0,0.0,0.0,0.0,0.0,0.0,0.0,0.0,0.0
PizzaCutter1,0,16,auto,0,0.0,0.0,0.0,0.0,0.0,0.0,0.0,0.0,0.0,0.0
PizzaCutter1,0,32,auto,0,0.0,0.0,0.0,0.0,0.0,0.0,0.0,0.0,0.0,0.0
PizzaCutter1,0,64,auto,0,0.0,0.0,0.0,0.0,0.0,0.0,0.0,0.0,0.0,0.0
PizzaCutter1,0,100,auto,0,0.0,0.0,0.0,0.0,0.0,0.0,0.0,0.0,0.0,0.0
PizzaCutter1,0,128,auto,0,0.0,0.0,0.0,0.0,0.0,0.0,0.0,0.0,0.0,0.0
PizzaCutter1,0,256,auto,0,0.0,0.0,0.0,0.0,0.0,0.0,0.0,0.0,0.0,0.0
PizzaCutter1,0,512,auto,0,0.0,0.0,0.0,0.0,0.0,0.0,0.0,0.0,0.0,0.0
PizzaCutter1,0,100,auto,0,0.0,0.0,0.0,0.0,0.0,0.0,0.0,0.0,0.0,0.0
PizzaCutter1,0,100,0.05,0,0.0,0.0,0.0,0.0,0.0,0.0,0.0,0.0,0.0,0.0
PizzaCutter1,0,100,0.1,0,0.0,0.0,0.0,0.0,0.0,0.0,0.0,0.0,0.0,0.0
PizzaCutter1,0,100,0.2,0,0.0,0.0,0.0,0.0,0.0,0.0,0.0,0.0,0.0,0.0
PizzaCutter1,0,100,0.5,0,0.0,0.0,0.0,0.0,0.0,0.0,0.0,0.0,0.0,0.0
PizzaCutter1,0,100,1,0,0.0,0.0,0.0,0.0,0.0,0.0,0.0,0.0,0.0,0.0
PizzaCutter3,0,100,auto,0,0.0,0.0,0.0,0.0,0.0,0.0,0.0,0.0,0.0,0.0
PizzaCutter3,0.05,100,auto,0,0.111731843575419,0.1229050279329609,0.1005586592178771,0.08938547486033518,0.111731843575419,0.111731843575419,0.111731843575419,0.1005586592178771,0.111731843575419,0.1229050279329609
PizzaCutter3,0.1,100,auto,0,0.19913419913419914,0.19130434782608696,0.21645021645021648,0.2077922077922078,0.19913419913419914,0.2077922077922078,0.22608695652173916,0.18181818181818182,0.2077922077922078,0.22510822510822512
PizzaCutter3,0.15,100,auto,0,0.26855123674911663,0.254416961130742,0.254416961130742,0.25531914893617025,0.2756183745583039,0.2756183745583039,0.25531914893617025,0.254416961130742,0.2826855123674912,0.2968197879858657
PizzaCutter3,0.2,100,auto,0,0.28059701492537314,0.2985074626865672,0.30357142857142855,0.2865671641791045,0.3104477611940299,0.32142857142857145,0.3104477611940299,0.3154761904761904,0.32142857142857145,0.3164179104477612
PizzaCutter3,0.25,100,auto,0,0.3247422680412371,0.330749354005168,0.3005181347150259,0.31958762886597936,0.30927835051546393,0.32041343669250644,0.30927835051546393,0.3255813953488372,0.3402061855670103,0.310077519379845
PizzaCutter3,LOF,100,auto,0,0.014184397163120567,0.014184397163120567,0.014184397163120567,0.014184397163120567,0.014184397163120567,0.014285714285714285,0.014184397163120567,0.014184397163120567,0.014184397163120567,0.014184397163120567
PizzaCutter3,IF,100,auto,0,0.205607476635514,0.17757009345794394,0.19626168224299068,0.17757009345794394,0.18691588785046728,0.17840375586854462,0.18691588785046728,0.18691588785046728,0.18779342723004694,0.17757009345794394
PizzaCutter3,0,1,auto,0,0.0,0.0,0.0,0.0,0.0,0.0,0.0,0.0,0.0,0.0
PizzaCutter3,0,2,auto,0,0.0,0.0,0.0,0.0,0.0,0.0,0.0,0.0,0.0,0.0
PizzaCutter3,0,4,auto,0,0.0,0.0,0.0,0.0,0.0,0.0,0.0,0.0,0.0,0.0
PizzaCutter3,0,8,auto,0,0.0,0.0,0.0,0.0,0.0,0.0,0.0,0.0,0.0,0.0
PizzaCutter3,0,16,auto,0,0.0,0.0,0.0,0.0,0.0,0.0,0.0,0.0,0.0,0.0
PizzaCutter3,0,32,auto,0,0.0,0.0,0.0,0.0,0.0,0.0,0.0,0.0,0.0,0.0
PizzaCutter3,0,64,auto,0,0.0,0.0,0.0,0.0,0.0,0.0,0.0,0.0,0.0,0.0
PizzaCutter3,0,100,auto,0,0.0,0.0,0.0,0.0,0.0,0.0,0.0,0.0,0.0,0.0
PizzaCutter3,0,128,auto,0,0.0,0.0,0.0,0.0,0.0,0.0,0.0,0.0,0.0,0.0
PizzaCutter3,0,256,auto,0,0.0,0.0,0.0,0.0,0.0,0.0,0.0,0.0,0.0,0.0
PizzaCutter3,0,512,auto,0,0.0,0.0,0.0,0.0,0.0,0.0,0.0,0.0,0.0,0.0
PizzaCutter3,0,100,auto,0,0.0,0.0,0.0,0.0,0.0,0.0,0.0,0.0,0.0,0.0
PizzaCutter3,0,100,0.05,0,0.0,0.0,0.0,0.0,0.0,0.0,0.0,0.0,0.0,0.0
PizzaCutter3,0,100,0.1,0,0.0,0.0,0.0,0.0,0.0,0.0,0.0,0.0,0.0,0.0
PizzaCutter3,0,100,0.2,0,0.0,0.0,0.0,0.0,0.0,0.0,0.0,0.0,0.0,0.0
PizzaCutter3,0,100,0.5,0,0.0,0.0,0.0,0.0,0.0,0.0,0.0,0.0,0.0,0.0
PizzaCutter3,0,100,1,0,0.0,0.0,0.0,0.0,0.0,0.0,0.0,0.0,0.0,0.0
analcatdata_apnea1,0,100,auto,0,0.0,0.0,0.0,0.0,0.0,0.0,0.0,0.0,0.0,0.0
analcatdata_apnea1,0.05,100,auto,0,0.12195121951219512,0.1411764705882353,0.07142857142857142,0.09411764705882354,0.1411764705882353,0.09523809523809523,0.1176470588235294,0.09411764705882354,0.1176470588235294,0.09411764705882354
analcatdata_apnea1,0.1,100,auto,0,0.14814814814814814,0.16666666666666666,0.14814814814814814,0.16822429906542055,0.12962962962962962,0.16666666666666666,0.18518518518518517,0.14814814814814814,0.16666666666666666,0.14814814814814814
analcatdata_apnea1,0.15,100,auto,0,0.21212121212121213,0.16666666666666666,0.196969696969697,0.18181818181818182,0.183206106870229,0.1984732824427481,0.21212121212121213,0.18181818181818182,0.18181818181818182,0.21212121212121213
analcatdata_apnea1,0.2,100,auto,0,0.23376623376623376,0.2064516129032258,0.24358974358974356,0.19230769230769232,0.19354838709677422,0.21935483870967745,0.21935483870967745,0.24516129032258066,0.23076923076923075,0.1688311688311688
analcatdata_apnea1,0.25,100,auto,0,0.22598870056497172,0.23728813559322035,0.23333333333333336,0.2111111111111111,0.2111111111111111,0.22346368715083798,0.23463687150837986,0.2777777777777778,0.24444444444444446,0.20224719101123598
analcatdata_apnea1,LOF,100,auto,0,0.0,0.0,0.0,0.0,0.0,0.0,0.0,0.0,0.0,0.0
analcatdata_apnea1,IF,100,auto,0,0.10256410256410256,0.10126582278481013,0.12658227848101267,0.12658227848101267,0.07594936708860758,0.07594936708860758,0.07594936708860758,0.10126582278481013,0.12658227848101267,0.10126582278481013
analcatdata_apnea1,0,1,auto,0,0.0,0.0,0.0,0.0,0.0,0.0,0.0,0.0,0.0,0.0
analcatdata_apnea1,0,2,auto,0,0.0,0.0,0.0,0.0,0.0,0.0,0.0,0.0,0.0,0.0
analcatdata_apnea1,0,4,auto,0,0.0,0.0,0.0,0.0,0.0,0.0,0.0,0.0,0.0,0.0
analcatdata_apnea1,0,8,auto,0,0.0,0.0,0.0,0.0,0.0,0.0,0.0,0.0,0.0,0.0
analcatdata_apnea1,0,16,auto,0,0.0,0.0,0.0,0.0,0.0,0.0,0.0,0.0,0.0,0.0
analcatdata_apnea1,0,32,auto,0,0.0,0.0,0.0,0.0,0.0,0.0,0.0,0.0,0.0,0.0
analcatdata_apnea1,0,64,auto,0,0.0,0.0,0.0,0.0,0.0,0.0,0.0,0.0,0.0,0.0
analcatdata_apnea1,0,100,auto,0,0.0,0.0,0.0,0.0,0.0,0.0,0.0,0.0,0.0,0.0
analcatdata_apnea1,0,128,auto,0,0.0,0.0,0.0,0.0,0.0,0.0,0.0,0.0,0.0,0.0
analcatdata_apnea1,0,256,auto,0,0.0,0.0,0.0,0.0,0.0,0.0,0.0,0.0,0.0,0.0
analcatdata_apnea1,0,512,auto,0,0.0,0.0,0.0,0.0,0.0,0.0,0.0,0.0,0.0,0.0
analcatdata_apnea1,0,100,auto,0,0.0,0.0,0.0,0.0,0.0,0.0,0.0,0.0,0.0,0.0
analcatdata_apnea1,0,100,0.05,0,0.0,0.0,0.0,0.0,0.0,0.0,0.0,0.0,0.0,0.0
analcatdata_apnea1,0,100,0.1,0,0.0,0.0,0.0,0.0,0.0,0.0,0.0,0.0,0.0,0.0
analcatdata_apnea1,0,100,0.2,0,0.0,0.0,0.0,0.0,0.0,0.0,0.0,0.0,0.0,0.0
analcatdata_apnea1,0,100,0.5,0,0.0,0.0,0.0,0.0,0.0,0.0,0.0,0.0,0.0,0.0
analcatdata_apnea1,0,100,1,0,0.0,0.0,0.0,0.0,0.0,0.0,0.0,0.0,0.0,0.0
analcatdata_apnea2,0,100,auto,0,0.0,0.0,0.0,0.0,0.0,0.0,0.0,0.0,0.0,0.0
analcatdata_apnea2,0.05,100,auto,0,0.11363636363636363,0.11363636363636363,0.06896551724137931,0.11363636363636363,0.11363636363636363,0.09302325581395349,0.11363636363636363,0.09090909090909091,0.09090909090909091,0.11363636363636363
analcatdata_apnea2,0.1,100,auto,0,0.14414414414414414,0.1801801801801802,0.14414414414414414,0.16216216216216214,0.14545454545454545,0.14414414414414414,0.12612612612612611,0.16216216216216214,0.19819819819819817,0.16216216216216214
analcatdata_apnea2,0.15,100,auto,0,0.20895522388059704,0.2222222222222222,0.22388059701492535,0.1954887218045113,0.18045112781954886,0.16296296296296295,0.1925925925925926,0.17777777777777778,0.17777777777777778,0.17777777777777778
analcatdata_apnea2,0.2,100,auto,0,0.18867924528301885,0.14012738853503187,0.18867924528301885,0.1910828025477707,0.1772151898734177,0.20253164556962025,0.18867924528301885,0.189873417721519,0.18867924528301885,0.20125786163522014
analcatdata_apnea2,0.25,100,auto,0,0.1978021978021978,0.24175824175824176,0.23076923076923078,0.21978021978021978,0.2011173184357542,0.16483516483516483,0.23204419889502761,0.21978021978021978,0.2541436464088398,0.20879120879120877
analcatdata_apnea2,LOF,100,auto,0,0.0,0.0,0.0,0.0,0.0,0.0,0.0,0.0,0.0,0.0
analcatdata_apnea2,IF,100,auto,0,0.0975609756097561,0.12195121951219512,0.12195121951219512,0.07317073170731708,0.04878048780487805,0.04878048780487805,0.1234567901234568,0.12195121951219512,0.09876543209876543,0.04878048780487805
analcatdata_apnea2,0,1,auto,0,0.0,0.0,0.0,0.0,0.0,0.0,0.0,0.0,0.0,0.0
analcatdata_apnea2,0,2,auto,0,0.0,0.0,0.0,0.0,0.0,0.0,0.0,0.0,0.0,0.0
analcatdata_apnea2,0,4,auto,0,0.0,0.0,0.0,0.0,0.0,0.0,0.0,0.0,0.0,0.0
analcatdata_apnea2,0,8,auto,0,0.0,0.0,0.0,0.0,0.0,0.0,0.0,0.0,0.0,0.0
analcatdata_apnea2,0,16,auto,0,0.0,0.0,0.0,0.0,0.0,0.0,0.0,0.0,0.0,0.0
analcatdata_apnea2,0,32,auto,0,0.0,0.0,0.0,0.0,0.0,0.0,0.0,0.0,0.0,0.0
analcatdata_apnea2,0,64,auto,0,0.0,0.0,0.0,0.0,0.0,0.0,0.0,0.0,0.0,0.0
analcatdata_apnea2,0,100,auto,0,0.0,0.0,0.0,0.0,0.0,0.0,0.0,0.0,0.0,0.0
analcatdata_apnea2,0,128,auto,0,0.0,0.0,0.0,0.0,0.0,0.0,0.0,0.0,0.0,0.0
analcatdata_apnea2,0,256,auto,0,0.0,0.0,0.0,0.0,0.0,0.0,0.0,0.0,0.0,0.0
analcatdata_apnea2,0,512,auto,0,0.0,0.0,0.0,0.0,0.0,0.0,0.0,0.0,0.0,0.0
analcatdata_apnea2,0,100,auto,0,0.0,0.0,0.0,0.0,0.0,0.0,0.0,0.0,0.0,0.0
analcatdata_apnea2,0,100,0.05,0,0.0,0.0,0.0,0.0,0.0,0.0,0.0,0.0,0.0,0.0
analcatdata_apnea2,0,100,0.1,0,0.0,0.0,0.0,0.0,0.0,0.0,0.0,0.0,0.0,0.0
analcatdata_apnea2,0,100,0.2,0,0.0,0.0,0.0,0.0,0.0,0.0,0.0,0.0,0.0,0.0
analcatdata_apnea2,0,100,0.5,0,0.0,0.0,0.0,0.0,0.0,0.0,0.0,0.0,0.0,0.0
analcatdata_apnea2,0,100,1,0,0.0,0.0,0.0,0.0,0.0,0.0,0.0,0.0,0.0,0.0
analcatdata_apnea3,0,100,auto,0,0.0,0.0,0.0,0.0,0.0,0.0,0.0,0.0,0.0,0.0
analcatdata_apnea3,0.05,100,auto,0,0.07792207792207792,0.1038961038961039,0.1038961038961039,0.07792207792207792,0.07792207792207792,0.10526315789473682,0.1038961038961039,0.025974025974025976,0.10526315789473682,0.1038961038961039
analcatdata_apnea3,0.1,100,auto,0,0.16,0.11999999999999998,0.13999999999999999,0.16,0.1616161616161616,0.1414141414141414,0.11999999999999998,0.16,0.18000000000000002,0.11999999999999998
analcatdata_apnea3,0.15,100,auto,0,0.1967213114754098,0.1967213114754098,0.1967213114754098,0.1967213114754098,0.20168067226890757,0.1487603305785124,0.2131147540983607,0.16393442622950818,0.22950819672131145,0.2131147540983607
analcatdata_apnea3,0.2,100,auto,0,0.22377622377622378,0.20689655172413793,0.2206896551724138,0.22377622377622378,0.19444444444444445,0.18055555555555555,0.2361111111111111,0.23448275862068965,0.20833333333333334,0.18181818181818182
analcatdata_apnea3,0.25,100,auto,0,0.19277108433734938,0.21556886227544914,0.21686746987951808,0.2275449101796407,0.15568862275449102,0.20359281437125745,0.20481927710843373,0.20359281437125745,0.21556886227544914,0.21556886227544914
analcatdata_apnea3,LOF,100,auto,0,0.0,0.0,0.0,0.0,0.0,0.0,0.0,0.0,0.0,0.0
analcatdata_apnea3,IF,100,auto,0,0.02941176470588235,0.0588235294117647,0.0588235294117647,0.0588235294117647,0.0588235294117647,0.08823529411764705,0.02941176470588235,0.0588235294117647,0.0588235294117647,0.029850746268656716
analcatdata_apnea3,0,1,auto,0,0.0,0.0,0.0,0.0,0.0,0.0,0.0,0.0,0.0,0.0
analcatdata_apnea3,0,2,auto,0,0.0,0.0,0.0,0.0,0.0,0.0,0.0,0.0,0.0,0.0
analcatdata_apnea3,0,4,auto,0,0.0,0.0,0.0,0.0,0.0,0.0,0.0,0.0,0.0,0.0
analcatdata_apnea3,0,8,auto,0,0.0,0.0,0.0,0.0,0.0,0.0,0.0,0.0,0.0,0.0
analcatdata_apnea3,0,16,auto,0,0.0,0.0,0.0,0.0,0.0,0.0,0.0,0.0,0.0,0.0
analcatdata_apnea3,0,32,auto,0,0.0,0.0,0.0,0.0,0.0,0.0,0.0,0.0,0.0,0.0
analcatdata_apnea3,0,64,auto,0,0.0,0.0,0.0,0.0,0.0,0.0,0.0,0.0,0.0,0.0
analcatdata_apnea3,0,100,auto,0,0.0,0.0,0.0,0.0,0.0,0.0,0.0,0.0,0.0,0.0
analcatdata_apnea3,0,128,auto,0,0.0,0.0,0.0,0.0,0.0,0.0,0.0,0.0,0.0,0.0
analcatdata_apnea3,0,256,auto,0,0.0,0.0,0.0,0.0,0.0,0.0,0.0,0.0,0.0,0.0
analcatdata_apnea3,0,512,auto,0,0.0,0.0,0.0,0.0,0.0,0.0,0.0,0.0,0.0,0.0
analcatdata_apnea3,0,100,auto,0,0.0,0.0,0.0,0.0,0.0,0.0,0.0,0.0,0.0,0.0
analcatdata_apnea3,0,100,0.05,0,0.0,0.0,0.0,0.0,0.0,0.0,0.0,0.0,0.0,0.0
analcatdata_apnea3,0,100,0.1,0,0.0,0.0,0.0,0.0,0.0,0.0,0.0,0.0,0.0,0.0
analcatdata_apnea3,0,100,0.2,0,0.0,0.0,0.0,0.0,0.0,0.0,0.0,0.0,0.0,0.0
analcatdata_apnea3,0,100,0.5,0,0.0,0.0,0.0,0.0,0.0,0.0,0.0,0.0,0.0,0.0
analcatdata_apnea3,0,100,1,0,0.0,0.0,0.0,0.0,0.0,0.0,0.0,0.0,0.0,0.0
analcatdata_challenger,0,100,auto,0,0.0,0.0,0.0,0.0,0.0,0.0,0.0,0.0,0.0,0.0
analcatdata_challenger,0.05,100,auto,0,0.26666666666666666,0.26666666666666666,0.26666666666666666,0.26666666666666666,0.26666666666666666,0.26666666666666666,0.26666666666666666,0.26666666666666666,0.26666666666666666,0.26666666666666666
analcatdata_challenger,0.1,100,auto,0,0.1904761904761905,0.1904761904761905,0.1904761904761905,0.1904761904761905,0.1904761904761905,0.26666666666666666,0.1904761904761905,0.1904761904761905,0.1904761904761905,0.1904761904761905
analcatdata_challenger,0.15,100,auto,0,0.14814814814814814,0.14814814814814814,0.14814814814814814,0.14814814814814814,0.14814814814814814,0.14814814814814814,0.14814814814814814,0.14814814814814814,0.14814814814814814,0.14814814814814814
analcatdata_challenger,0.2,100,auto,0,0.12121212121212122,0.12121212121212122,0.12121212121212122,0.12121212121212122,0.12121212121212122,0.12121212121212122,0.12121212121212122,0.12121212121212122,0.12121212121212122,0.12121212121212122
analcatdata_challenger,0.25,100,auto,0,0.10256410256410256,0.10256410256410256,0.10256410256410256,0.10256410256410256,0.10256410256410256,0.10256410256410256,0.12121212121212122,0.10256410256410256,0.10256410256410256,0.10256410256410256
analcatdata_challenger,LOF,100,auto,0,0.14814814814814814,0.14814814814814814,0.14814814814814814,0.14814814814814814,0.14814814814814814,0.14814814814814814,0.14814814814814814,0.14814814814814814,0.14814814814814814,0.14814814814814814
analcatdata_challenger,IF,100,auto,0,0.14035087719298245,0.14035087719298245,0.14035087719298245,0.14035087719298245,0.14035087719298245,0.14035087719298245,0.11764705882352941,0.14035087719298245,0.10526315789473684,0.14035087719298245
analcatdata_challenger,0,1,auto,0,0.0,0.0,0.0,0.0,0.0,0.0,0.0,0.0,0.0,0.0
analcatdata_challenger,0,2,auto,0,0.0,0.0,0.0,0.0,0.0,0.0,0.0,0.0,0.0,0.0
analcatdata_challenger,0,4,auto,0,0.0,0.0,0.0,0.0,0.0,0.0,0.0,0.0,0.0,0.0
analcatdata_challenger,0,8,auto,0,0.0,0.0,0.0,0.0,0.0,0.0,0.0,0.0,0.0,0.0
analcatdata_challenger,0,16,auto,0,0.0,0.0,0.0,0.0,0.0,0.0,0.0,0.0,0.0,0.0
analcatdata_challenger,0,32,auto,0,0.0,0.0,0.0,0.0,0.0,0.0,0.0,0.0,0.0,0.0
analcatdata_challenger,0,64,auto,0,0.0,0.0,0.0,0.0,0.0,0.0,0.0,0.0,0.0,0.0
analcatdata_challenger,0,100,auto,0,0.0,0.0,0.0,0.0,0.0,0.0,0.0,0.0,0.0,0.0
analcatdata_challenger,0,128,auto,0,0.0,0.0,0.0,0.0,0.0,0.0,0.0,0.0,0.0,0.0
analcatdata_challenger,0,256,auto,0,0.0,0.0,0.0,0.0,0.0,0.0,0.0,0.0,0.0,0.0
analcatdata_challenger,0,512,auto,0,0.0,0.0,0.0,0.0,0.0,0.0,0.0,0.0,0.0,0.0
analcatdata_challenger,0,100,auto,0,0.0,0.0,0.0,0.0,0.0,0.0,0.0,0.0,0.0,0.0
analcatdata_challenger,0,100,0.05,0,0.0,0.0,0.0,0.0,0.0,0.0,0.0,0.0,0.0,0.0
analcatdata_challenger,0,100,0.1,0,0.0,0.0,0.0,0.0,0.0,0.0,0.0,0.0,0.0,0.0
analcatdata_challenger,0,100,0.2,0,0.0,0.0,0.0,0.0,0.0,0.0,0.0,0.0,0.0,0.0
analcatdata_challenger,0,100,0.5,0,0.0,0.0,0.0,0.0,0.0,0.0,0.0,0.0,0.0,0.0
analcatdata_challenger,0,100,1,0,0.0,0.0,0.0,0.0,0.0,0.0,0.0,0.0,0.0,0.0
analcatdata_chlamydia,0,100,auto,0,0.0,0.0,0.0,0.0,0.0,0.0,0.0,0.0,0.0,0.0
analcatdata_chlamydia,0.05,100,auto,0,0.0,0.0,0.0,0.0,0.0,0.0,0.0,0.0,0.0,0.0
analcatdata_chlamydia,0.1,100,auto,0,0.0,0.0,0.06896551724137931,0.06896551724137931,0.0,0.0,0.0,0.0,0.0,0.0
analcatdata_chlamydia,0.15,100,auto,0,0.11764705882352941,0.11764705882352941,0.0,0.0,0.0,0.0,0.0,0.11764705882352941,0.0,0.0
analcatdata_chlamydia,0.2,100,auto,0,0.05128205128205128,0.0,0.05128205128205128,0.0,0.05263157894736842,0.05128205128205128,0.05128205128205128,0.10526315789473684,0.0,0.0
analcatdata_chlamydia,0.25,100,auto,0,0.13636363636363635,0.04761904761904762,0.13636363636363635,0.0909090909090909,0.13953488372093023,0.13636363636363635,0.13953488372093023,0.0909090909090909,0.04651162790697675,0.13636363636363635
analcatdata_chlamydia,LOF,100,auto,0,0.0,0.0,0.0,0.0,0.0,0.0,0.0,0.0,0.0,0.0
analcatdata_chlamydia,IF,100,auto,0,0.0,0.0,0.0,0.0,0.0,0.0,0.0,0.0,0.0,0.0
analcatdata_chlamydia,0,1,auto,0,0.0,0.0,0.0,0.0,0.0,0.0,0.0,0.0,0.0,0.0
analcatdata_chlamydia,0,2,auto,0,0.0,0.0,0.0,0.0,0.0,0.0,0.0,0.0,0.0,0.0
analcatdata_chlamydia,0,4,auto,0,0.0,0.0,0.0,0.0,0.0,0.0,0.0,0.0,0.0,0.0
analcatdata_chlamydia,0,8,auto,0,0.0,0.0,0.0,0.0,0.0,0.0,0.0,0.0,0.0,0.0
analcatdata_chlamydia,0,16,auto,0,0.0,0.0,0.0,0.0,0.0,0.0,0.0,0.0,0.0,0.0
analcatdata_chlamydia,0,32,auto,0,0.0,0.0,0.0,0.0,0.0,0.0,0.0,0.0,0.0,0.0
analcatdata_chlamydia,0,64,auto,0,0.0,0.0,0.0,0.0,0.0,0.0,0.0,0.0,0.0,0.0
analcatdata_chlamydia,0,100,auto,0,0.0,0.0,0.0,0.0,0.0,0.0,0.0,0.0,0.0,0.0
analcatdata_chlamydia,0,128,auto,0,0.0,0.0,0.0,0.0,0.0,0.0,0.0,0.0,0.0,0.0
analcatdata_chlamydia,0,256,auto,0,0.0,0.0,0.0,0.0,0.0,0.0,0.0,0.0,0.0,0.0
analcatdata_chlamydia,0,512,auto,0,0.0,0.0,0.0,0.0,0.0,0.0,0.0,0.0,0.0,0.0
analcatdata_chlamydia,0,100,auto,0,0.0,0.0,0.0,0.0,0.0,0.0,0.0,0.0,0.0,0.0
analcatdata_chlamydia,0,100,0.05,0,0.0,0.0,0.0,0.0,0.0,0.0,0.0,0.0,0.0,0.0
analcatdata_chlamydia,0,100,0.1,0,0.0,0.0,0.0,0.0,0.0,0.0,0.0,0.0,0.0,0.0
analcatdata_chlamydia,0,100,0.2,0,0.0,0.0,0.0,0.0,0.0,0.0,0.0,0.0,0.0,0.0
analcatdata_chlamydia,0,100,0.5,0,0.0,0.0,0.0,0.0,0.0,0.0,0.0,0.0,0.0,0.0
analcatdata_chlamydia,0,100,1,0,0.0,0.0,0.0,0.0,0.0,0.0,0.0,0.0,0.0,0.0
analcatdata_lawsuit,0,100,auto,0,0.0,0.0,0.0,0.0,0.0,0.0,0.0,0.0,0.0,0.0
analcatdata_lawsuit,0.05,100,auto,0,0.25,0.25,0.25,0.25,0.25,0.25,0.25,0.2580645161290323,0.25,0.25
analcatdata_lawsuit,0.1,100,auto,0,0.26666666666666666,0.26666666666666666,0.35555555555555557,0.3111111111111111,0.3111111111111111,0.26666666666666666,0.26666666666666666,0.3181818181818182,0.3111111111111111,0.35555555555555557
analcatdata_lawsuit,0.15,100,auto,0,0.23728813559322032,0.30508474576271183,0.2711864406779661,0.30508474576271183,0.2711864406779661,0.30508474576271183,0.2711864406779661,0.30508474576271183,0.30508474576271183,0.23728813559322032
analcatdata_lawsuit,0.2,100,auto,0,0.3055555555555556,0.3055555555555556,0.3333333333333333,0.28169014084507044,0.3055555555555556,0.27777777777777773,0.2535211267605634,0.27777777777777773,0.27777777777777773,0.27777777777777773
analcatdata_lawsuit,0.25,100,auto,0,0.2823529411764706,0.3058823529411765,0.3058823529411765,0.2619047619047619,0.2857142857142857,0.2823529411764706,0.2823529411764706,0.2823529411764706,0.2857142857142857,0.23529411764705885
analcatdata_lawsuit,LOF,100,auto,0,0.2580645161290323,0.3225806451612903,0.26666666666666666,0.2580645161290323,0.12903225806451615,0.2580645161290323,0.3225806451612903,0.3225806451612903,0.2580645161290323,0.2580645161290323
analcatdata_lawsuit,IF,100,auto,0,0.2524271844660194,0.2524271844660194,0.2549019607843137,0.2524271844660194,0.2524271844660194,0.2549019607843137,0.2524271844660194,0.2524271844660194,0.2352941176470588,0.2524271844660194
analcatdata_lawsuit,0,1,auto,0,0.0,0.0,0.0,0.0,0.0,0.0,0.0,0.0,0.0,0.0
analcatdata_lawsuit,0,2,auto,0,0.0,0.0,0.0,0.0,0.0,0.0,0.0,0.0,0.0,0.0
analcatdata_lawsuit,0,4,auto,0,0.0,0.0,0.0,0.0,0.0,0.0,0.0,0.0,0.0,0.0
analcatdata_lawsuit,0,8,auto,0,0.0,0.0,0.0,0.0,0.0,0.0,0.0,0.0,0.0,0.0
analcatdata_lawsuit,0,16,auto,0,0.0,0.0,0.0,0.0,0.0,0.0,0.0,0.0,0.0,0.0
analcatdata_lawsuit,0,32,auto,0,0.0,0.0,0.0,0.0,0.0,0.0,0.0,0.0,0.0,0.0
analcatdata_lawsuit,0,64,auto,0,0.0,0.0,0.0,0.0,0.0,0.0,0.0,0.0,0.0,0.0
analcatdata_lawsuit,0,100,auto,0,0.0,0.0,0.0,0.0,0.0,0.0,0.0,0.0,0.0,0.0
analcatdata_lawsuit,0,128,auto,0,0.0,0.0,0.0,0.0,0.0,0.0,0.0,0.0,0.0,0.0
analcatdata_lawsuit,0,256,auto,0,0.0,0.0,0.0,0.0,0.0,0.0,0.0,0.0,0.0,0.0
analcatdata_lawsuit,0,512,auto,0,0.0,0.0,0.0,0.0,0.0,0.0,0.0,0.0,0.0,0.0
analcatdata_lawsuit,0,100,auto,0,0.0,0.0,0.0,0.0,0.0,0.0,0.0,0.0,0.0,0.0
analcatdata_lawsuit,0,100,0.05,0,0.0,0.0,0.0,0.0,0.0,0.0,0.0,0.0,0.0,0.0
analcatdata_lawsuit,0,100,0.1,0,0.0,0.0,0.0,0.0,0.0,0.0,0.0,0.0,0.0,0.0
analcatdata_lawsuit,0,100,0.2,0,0.0,0.0,0.0,0.0,0.0,0.0,0.0,0.0,0.0,0.0
analcatdata_lawsuit,0,100,0.5,0,0.0,0.0,0.0,0.0,0.0,0.0,0.0,0.0,0.0,0.0
analcatdata_lawsuit,0,100,1,0,0.0,0.0,0.0,0.0,0.0,0.0,0.0,0.0,0.0,0.0
analcatdata_neavote,0,100,auto,0,0.0,0.0,0.0,0.0,0.0,0.0,0.0,0.0,0.0,0.0
analcatdata_neavote,0.05,100,auto,0,0.0,0.0,0.0,0.0,0.0,0.0,0.0,0.0,0.0,0.0
analcatdata_neavote,0.1,100,auto,0,0.0,0.11764705882352941,0.11764705882352941,0.0,0.0,0.0,0.11764705882352941,0.11764705882352941,0.0,0.0
analcatdata_neavote,0.15,100,auto,0,0.09090909090909091,0.1,0.0,0.09090909090909091,0.09090909090909091,0.09523809523809523,0.18181818181818182,0.18181818181818182,0.0,0.19047619047619047
analcatdata_neavote,0.2,100,auto,0,0.15384615384615385,0.14814814814814817,0.14814814814814817,0.14814814814814817,0.14814814814814817,0.14814814814814817,0.14814814814814817,0.14814814814814817,0.14814814814814817,0.14814814814814817
analcatdata_neavote,0.25,100,auto,0,0.125,0.125,0.12903225806451613,0.125,0.125,0.125,0.125,0.125,0.125,0.125
analcatdata_neavote,LOF,100,auto,0,0.0,0.0,0.0,0.0,0.0,0.0,0.0,0.0,0.0,0.0
analcatdata_neavote,IF,100,auto,0,0.0851063829787234,0.0851063829787234,0.1276595744680851,0.08695652173913043,0.0851063829787234,0.08695652173913043,0.0851063829787234,0.1276595744680851,0.0851063829787234,0.1276595744680851
analcatdata_neavote,0,1,auto,0,0.0,0.0,0.0,0.0,0.0,0.0,0.0,0.0,0.0,0.0
analcatdata_neavote,0,2,auto,0,0.0,0.0,0.0,0.0,0.0,0.0,0.0,0.0,0.0,0.0
analcatdata_neavote,0,4,auto,0,0.0,0.0,0.0,0.0,0.0,0.0,0.0,0.0,0.0,0.0
analcatdata_neavote,0,8,auto,0,0.0,0.0,0.0,0.0,0.0,0.0,0.0,0.0,0.0,0.0
analcatdata_neavote,0,16,auto,0,0.0,0.0,0.0,0.0,0.0,0.0,0.0,0.0,0.0,0.0
analcatdata_neavote,0,32,auto,0,0.0,0.0,0.0,0.0,0.0,0.0,0.0,0.0,0.0,0.0
analcatdata_neavote,0,64,auto,0,0.0,0.0,0.0,0.0,0.0,0.0,0.0,0.0,0.0,0.0
analcatdata_neavote,0,100,auto,0,0.0,0.0,0.0,0.0,0.0,0.0,0.0,0.0,0.0,0.0
analcatdata_neavote,0,128,auto,0,0.0,0.0,0.0,0.0,0.0,0.0,0.0,0.0,0.0,0.0
analcatdata_neavote,0,256,auto,0,0.0,0.0,0.0,0.0,0.0,0.0,0.0,0.0,0.0,0.0
analcatdata_neavote,0,512,auto,0,0.0,0.0,0.0,0.0,0.0,0.0,0.0,0.0,0.0,0.0
analcatdata_neavote,0,100,auto,0,0.0,0.0,0.0,0.0,0.0,0.0,0.0,0.0,0.0,0.0
analcatdata_neavote,0,100,0.05,0,0.0,0.0,0.0,0.0,0.0,0.0,0.0,0.0,0.0,0.0
analcatdata_neavote,0,100,0.1,0,0.0,0.0,0.0,0.0,0.0,0.0,0.0,0.0,0.0,0.0
analcatdata_neavote,0,100,0.2,0,0.0,0.0,0.0,0.0,0.0,0.0,0.0,0.0,0.0,0.0
analcatdata_neavote,0,100,0.5,0,0.0,0.0,0.0,0.0,0.0,0.0,0.0,0.0,0.0,0.0
analcatdata_neavote,0,100,1,0,0.0,0.0,0.0,0.0,0.0,0.0,0.0,0.0,0.0,0.0
appendicitis,0,100,auto,0,0.0,0.0,0.0,0.0,0.0,0.0,0.0,0.0,0.0,0.0
appendicitis,0.05,100,auto,0,0.07692307692307693,0.07692307692307693,0.07692307692307693,0.15384615384615385,0.07692307692307693,0.07692307692307693,0.07692307692307693,0.07692307692307693,0.07692307692307693,0.07692307692307693
appendicitis,0.1,100,auto,0,0.18749999999999997,0.18749999999999997,0.18749999999999997,0.18749999999999997,0.18749999999999997,0.18749999999999997,0.18749999999999997,0.18749999999999997,0.125,0.125
appendicitis,0.15,100,auto,0,0.27027027027027023,0.16216216216216214,0.2162162162162162,0.16216216216216214,0.16216216216216214,0.27027027027027023,0.2162162162162162,0.2162162162162162,0.2162162162162162,0.27027027027027023
appendicitis,0.2,100,auto,0,0.2857142857142857,0.3333333333333333,0.2857142857142857,0.38095238095238093,0.2857142857142857,0.23809523809523808,0.2857142857142857,0.2857142857142857,0.3333333333333333,0.2857142857142857
appendicitis,0.25,100,auto,0,0.2978723404255319,0.3829787234042554,0.2978723404255319,0.2978723404255319,0.25531914893617025,0.3829787234042554,0.2978723404255319,0.2978723404255319,0.2978723404255319,0.3404255319148936
appendicitis,LOF,100,auto,0,0.18749999999999997,0.18749999999999997,0.18749999999999997,0.18749999999999997,0.125,0.18749999999999997,0.125,0.18749999999999997,0.18749999999999997,0.18749999999999997
appendicitis,IF,100,auto,0,0.2790697674418604,0.31818181818181823,0.2727272727272727,0.31818181818181823,0.31818181818181823,0.31818181818181823,0.2727272727272727,0.3636363636363636,0.22727272727272724,0.31818181818181823
appendicitis,0,1,auto,0,0.0,0.0,0.0,0.0,0.0,0.0,0.0,0.0,0.0,0.0
appendicitis,0,2,auto,0,0.0,0.0,0.0,0.0,0.0,0.0,0.0,0.0,0.0,0.0
appendicitis,0,4,auto,0,0.0,0.0,0.0,0.0,0.0,0.0,0.0,0.0,0.0,0.0
appendicitis,0,8,auto,0,0.0,0.0,0.0,0.0,0.0,0.0,0.0,0.0,0.0,0.0
appendicitis,0,16,auto,0,0.0,0.0,0.0,0.0,0.0,0.0,0.0,0.0,0.0,0.0
appendicitis,0,32,auto,0,0.0,0.0,0.0,0.0,0.0,0.0,0.0,0.0,0.0,0.0
appendicitis,0,64,auto,0,0.0,0.0,0.0,0.0,0.0,0.0,0.0,0.0,0.0,0.0
appendicitis,0,100,auto,0,0.0,0.0,0.0,0.0,0.0,0.0,0.0,0.0,0.0,0.0
appendicitis,0,128,auto,0,0.0,0.0,0.0,0.0,0.0,0.0,0.0,0.0,0.0,0.0
appendicitis,0,256,auto,0,0.0,0.0,0.0,0.0,0.0,0.0,0.0,0.0,0.0,0.0
appendicitis,0,512,auto,0,0.0,0.0,0.0,0.0,0.0,0.0,0.0,0.0,0.0,0.0
appendicitis,0,100,auto,0,0.0,0.0,0.0,0.0,0.0,0.0,0.0,0.0,0.0,0.0
appendicitis,0,100,0.05,0,0.0,0.0,0.0,0.0,0.0,0.0,0.0,0.0,0.0,0.0
appendicitis,0,100,0.1,0,0.0,0.0,0.0,0.0,0.0,0.0,0.0,0.0,0.0,0.0
appendicitis,0,100,0.2,0,0.0,0.0,0.0,0.0,0.0,0.0,0.0,0.0,0.0,0.0
appendicitis,0,100,0.5,0,0.0,0.0,0.0,0.0,0.0,0.0,0.0,0.0,0.0,0.0
appendicitis,0,100,1,0,0.0,0.0,0.0,0.0,0.0,0.0,0.0,0.0,0.0,0.0
ar1,0,100,auto,0,0.0,0.0,0.0,0.0,0.0,0.0,0.0,0.0,0.0,0.0
ar1,0.05,100,auto,0,0.13333333333333333,0.26666666666666666,0.26666666666666666,0.13333333333333333,0.26666666666666666,0.26666666666666666,0.13333333333333333,0.13333333333333333,0.26666666666666666,0.13333333333333333
ar1,0.1,100,auto,0,0.28571428571428575,0.28571428571428575,0.380952380952381,0.28571428571428575,0.1904761904761905,0.28571428571428575,0.1904761904761905,0.380952380952381,0.28571428571428575,0.28571428571428575
ar1,0.15,100,auto,0,0.2962962962962963,0.2962962962962963,0.2962962962962963,0.2962962962962963,0.2962962962962963,0.2962962962962963,0.2962962962962963,0.2962962962962963,0.2962962962962963,0.2962962962962963
ar1,0.2,100,auto,0,0.24242424242424243,0.24242424242424243,0.24242424242424243,0.24242424242424243,0.24242424242424243,0.24242424242424243,0.24242424242424243,0.24242424242424243,0.24242424242424243,0.24242424242424243
ar1,0.25,100,auto,0,0.20512820512820512,0.20512820512820512,0.20512820512820512,0.20512820512820512,0.20512820512820512,0.20512820512820512,0.20512820512820512,0.20512820512820512,0.20512820512820512,0.20512820512820512
ar1,LOF,100,auto,0,0.2222222222222222,0.2222222222222222,0.2222222222222222,0.2222222222222222,0.2222222222222222,0.2222222222222222,0.2222222222222222,0.2222222222222222,0.2222222222222222,0.2222222222222222
ar1,IF,100,auto,0,0.2962962962962963,0.2962962962962963,0.2962962962962963,0.2962962962962963,0.2962962962962963,0.2962962962962963,0.2962962962962963,0.2962962962962963,0.2962962962962963,0.2962962962962963
ar1,0,1,auto,0,0.0,0.0,0.0,0.0,0.0,0.0,0.0,0.0,0.0,0.0
ar1,0,2,auto,0,0.0,0.0,0.0,0.0,0.0,0.0,0.0,0.0,0.0,0.0
ar1,0,4,auto,0,0.0,0.0,0.0,0.0,0.0,0.0,0.0,0.0,0.0,0.0
ar1,0,8,auto,0,0.0,0.0,0.0,0.0,0.0,0.0,0.0,0.0,0.0,0.0
ar1,0,16,auto,0,0.0,0.0,0.0,0.0,0.0,0.0,0.0,0.0,0.0,0.0
ar1,0,32,auto,0,0.0,0.0,0.0,0.0,0.0,0.0,0.0,0.0,0.0,0.0
ar1,0,64,auto,0,0.0,0.0,0.0,0.0,0.0,0.0,0.0,0.0,0.0,0.0
ar1,0,100,auto,0,0.0,0.0,0.0,0.0,0.0,0.0,0.0,0.0,0.0,0.0
ar1,0,128,auto,0,0.0,0.0,0.0,0.0,0.0,0.0,0.0,0.0,0.0,0.0
ar1,0,256,auto,0,0.0,0.0,0.0,0.0,0.0,0.0,0.0,0.0,0.0,0.0
ar1,0,512,auto,0,0.0,0.0,0.0,0.0,0.0,0.0,0.0,0.0,0.0,0.0
ar1,0,100,auto,0,0.0,0.0,0.0,0.0,0.0,0.0,0.0,0.0,0.0,0.0
ar1,0,100,0.05,0,0.0,0.0,0.0,0.0,0.0,0.0,0.0,0.0,0.0,0.0
ar1,0,100,0.1,0,0.0,0.0,0.0,0.0,0.0,0.0,0.0,0.0,0.0,0.0
ar1,0,100,0.2,0,0.0,0.0,0.0,0.0,0.0,0.0,0.0,0.0,0.0,0.0
ar1,0,100,0.5,0,0.0,0.0,0.0,0.0,0.0,0.0,0.0,0.0,0.0,0.0
ar1,0,100,1,0,0.0,0.0,0.0,0.0,0.0,0.0,0.0,0.0,0.0,0.0
ar3,0,100,auto,0,0.0,0.0,0.0,0.0,0.0,0.0,0.0,0.0,0.0,0.0
ar3,0.05,100,auto,0,0.36363636363636365,0.36363636363636365,0.36363636363636365,0.36363636363636365,0.36363636363636365,0.36363636363636365,0.36363636363636365,0.36363636363636365,0.36363636363636365,0.36363636363636365
ar3,0.1,100,auto,0,0.5714285714285715,0.5714285714285715,0.5714285714285715,0.5714285714285715,0.5714285714285715,0.5714285714285715,0.5714285714285715,0.5714285714285715,0.5714285714285715,0.5714285714285715
ar3,0.15,100,auto,0,0.5882352941176471,0.5882352941176471,0.5882352941176471,0.5882352941176471,0.7058823529411765,0.625,0.5882352941176471,0.5882352941176471,0.5882352941176471,0.7058823529411765
ar3,0.2,100,auto,0,0.5714285714285714,0.5714285714285714,0.5714285714285714,0.5714285714285714,0.5714285714285714,0.5714285714285714,0.5714285714285714,0.5714285714285714,0.5714285714285714,0.5714285714285714
ar3,0.25,100,auto,0,0.5,0.5,0.5,0.5,0.5,0.5,0.5,0.5,0.5,0.5
ar3,LOF,100,auto,0,0.375,0.375,0.375,0.375,0.375,0.375,0.375,0.375,0.375,0.375
ar3,IF,100,auto,0,0.6666666666666665,0.6666666666666665,0.5555555555555556,0.5882352941176471,0.5555555555555556,0.6666666666666665,0.6666666666666665,0.5555555555555556,0.5555555555555556,0.6666666666666665
ar3,0,1,auto,0,0.0,0.0,0.0,0.0,0.0,0.0,0.0,0.0,0.0,0.0
ar3,0,2,auto,0,0.0,0.0,0.0,0.0,0.0,0.0,0.0,0.0,0.0,0.0
ar3,0,4,auto,0,0.0,0.0,0.0,0.0,0.0,0.0,0.0,0.0,0.0,0.0
ar3,0,8,auto,0,0.0,0.0,0.0,0.0,0.0,0.0,0.0,0.0,0.0,0.0
ar3,0,16,auto,0,0.0,0.0,0.0,0.0,0.0,0.0,0.0,0.0,0.0,0.0
ar3,0,32,auto,0,0.0,0.0,0.0,0.0,0.0,0.0,0.0,0.0,0.0,0.0
ar3,0,64,auto,0,0.0,0.0,0.0,0.0,0.0,0.0,0.0,0.0,0.0,0.0
ar3,0,100,auto,0,0.0,0.0,0.0,0.0,0.0,0.0,0.0,0.0,0.0,0.0
ar3,0,128,auto,0,0.0,0.0,0.0,0.0,0.0,0.0,0.0,0.0,0.0,0.0
ar3,0,256,auto,0,0.0,0.0,0.0,0.0,0.0,0.0,0.0,0.0,0.0,0.0
ar3,0,512,auto,0,0.0,0.0,0.0,0.0,0.0,0.0,0.0,0.0,0.0,0.0
ar3,0,100,auto,0,0.0,0.0,0.0,0.0,0.0,0.0,0.0,0.0,0.0,0.0
ar3,0,100,0.05,0,0.0,0.0,0.0,0.0,0.0,0.0,0.0,0.0,0.0,0.0
ar3,0,100,0.1,0,0.0,0.0,0.0,0.0,0.0,0.0,0.0,0.0,0.0,0.0
ar3,0,100,0.2,0,0.0,0.0,0.0,0.0,0.0,0.0,0.0,0.0,0.0,0.0
ar3,0,100,0.5,0,0.0,0.0,0.0,0.0,0.0,0.0,0.0,0.0,0.0,0.0
ar3,0,100,1,0,0.0,0.0,0.0,0.0,0.0,0.0,0.0,0.0,0.0,0.0
ar4,0,100,auto,0,0.0,0.0,0.0,0.0,0.0,0.0,0.0,0.0,0.0,0.0
ar4,0.05,100,auto,0,0.32000000000000006,0.32000000000000006,0.32000000000000006,0.32000000000000006,0.32000000000000006,0.32000000000000006,0.32000000000000006,0.24999999999999997,0.32000000000000006,0.32000000000000006
ar4,0.1,100,auto,0,0.45161290322580644,0.5161290322580645,0.5161290322580645,0.5161290322580645,0.5161290322580645,0.5161290322580645,0.45161290322580644,0.45161290322580644,0.5161290322580645,0.5161290322580645
ar4,0.15,100,auto,0,0.5555555555555556,0.5,0.5555555555555556,0.5555555555555556,0.5555555555555556,0.5,0.5555555555555556,0.5555555555555556,0.5555555555555556,0.5
ar4,0.2,100,auto,0,0.5365853658536585,0.5853658536585366,0.5365853658536585,0.4878048780487805,0.5365853658536585,0.5365853658536585,0.5365853658536585,0.4878048780487805,0.4878048780487805,0.4878048780487805
ar4,0.25,100,auto,0,0.553191489361702,0.5106382978723405,0.5957446808510639,0.5217391304347826,0.5106382978723405,0.553191489361702,0.553191489361702,0.553191489361702,0.5106382978723405,0.5106382978723405
ar4,LOF,100,auto,0,0.5263157894736842,0.4736842105263158,0.5263157894736842,0.5263157894736842,0.4736842105263158,0.5789473684210527,0.5789473684210527,0.5263157894736842,0.4736842105263158,0.5263157894736842
ar4,IF,100,auto,0,0.5161290322580645,0.5161290322580645,0.5161290322580645,0.5161290322580645,0.5161290322580645,0.5161290322580645,0.5161290322580645,0.5161290322580645,0.5161290322580645,0.5161290322580645
ar4,0,1,auto,0,0.0,0.0,0.0,0.0,0.0,0.0,0.0,0.0,0.0,0.0
ar4,0,2,auto,0,0.0,0.0,0.0,0.0,0.0,0.0,0.0,0.0,0.0,0.0
ar4,0,4,auto,0,0.0,0.0,0.0,0.0,0.0,0.0,0.0,0.0,0.0,0.0
ar4,0,8,auto,0,0.0,0.0,0.0,0.0,0.0,0.0,0.0,0.0,0.0,0.0
ar4,0,16,auto,0,0.0,0.0,0.0,0.0,0.0,0.0,0.0,0.0,0.0,0.0
ar4,0,32,auto,0,0.0,0.0,0.0,0.0,0.0,0.0,0.0,0.0,0.0,0.0
ar4,0,64,auto,0,0.0,0.0,0.0,0.0,0.0,0.0,0.0,0.0,0.0,0.0
ar4,0,100,auto,0,0.0,0.0,0.0,0.0,0.0,0.0,0.0,0.0,0.0,0.0
ar4,0,128,auto,0,0.0,0.0,0.0,0.0,0.0,0.0,0.0,0.0,0.0,0.0
ar4,0,256,auto,0,0.0,0.0,0.0,0.0,0.0,0.0,0.0,0.0,0.0,0.0
ar4,0,512,auto,0,0.0,0.0,0.0,0.0,0.0,0.0,0.0,0.0,0.0,0.0
ar4,0,100,auto,0,0.0,0.0,0.0,0.0,0.0,0.0,0.0,0.0,0.0,0.0
ar4,0,100,0.05,0,0.0,0.0,0.0,0.0,0.0,0.0,0.0,0.0,0.0,0.0
ar4,0,100,0.1,0,0.0,0.0,0.0,0.0,0.0,0.0,0.0,0.0,0.0,0.0
ar4,0,100,0.2,0,0.0,0.0,0.0,0.0,0.0,0.0,0.0,0.0,0.0,0.0
ar4,0,100,0.5,0,0.0,0.0,0.0,0.0,0.0,0.0,0.0,0.0,0.0,0.0
ar4,0,100,1,0,0.0,0.0,0.0,0.0,0.0,0.0,0.0,0.0,0.0,0.0
ar6,0,100,auto,0,0.0,0.0,0.0,0.0,0.0,0.0,0.0,0.0,0.0,0.0
ar6,0.05,100,auto,0,0.3,0.3,0.3,0.3,0.3,0.3,0.3,0.3,0.3,0.3
ar6,0.1,100,auto,0,0.4,0.4,0.4,0.4,0.4,0.4,0.4,0.4,0.4,0.4
ar6,0.15,100,auto,0,0.3333333333333333,0.3333333333333333,0.3333333333333333,0.3333333333333333,0.3333333333333333,0.3333333333333333,0.3333333333333333,0.3333333333333333,0.3333333333333333,0.3333333333333333
ar6,0.2,100,auto,0,0.28571428571428575,0.28571428571428575,0.34285714285714286,0.4,0.34285714285714286,0.34285714285714286,0.34285714285714286,0.28571428571428575,0.4,0.34285714285714286
ar6,0.25,100,auto,0,0.4,0.35000000000000003,0.4,0.4,0.35897435897435903,0.4,0.35000000000000003,0.4,0.35000000000000003,0.35000000000000003
ar6,LOF,100,auto,0,0.339622641509434,0.339622641509434,0.339622641509434,0.3018867924528302,0.339622641509434,0.3018867924528302,0.339622641509434,0.3018867924528302,0.3018867924528302,0.339622641509434
ar6,IF,100,auto,0,0.3448275862068965,0.3448275862068965,0.3448275862068965,0.3448275862068965,0.3448275862068965,0.3448275862068965,0.3448275862068965,0.3448275862068965,0.3448275862068965,0.3448275862068965
ar6,0,1,auto,0,0.0,0.0,0.0,0.0,0.0,0.0,0.0,0.0,0.0,0.0
ar6,0,2,auto,0,0.0,0.0,0.0,0.0,0.0,0.0,0.0,0.0,0.0,0.0
ar6,0,4,auto,0,0.0,0.0,0.0,0.0,0.0,0.0,0.0,0.0,0.0,0.0
ar6,0,8,auto,0,0.0,0.0,0.0,0.0,0.0,0.0,0.0,0.0,0.0,0.0
ar6,0,16,auto,0,0.0,0.0,0.0,0.0,0.0,0.0,0.0,0.0,0.0,0.0
ar6,0,32,auto,0,0.0,0.0,0.0,0.0,0.0,0.0,0.0,0.0,0.0,0.0
ar6,0,64,auto,0,0.0,0.0,0.0,0.0,0.0,0.0,0.0,0.0,0.0,0.0
ar6,0,100,auto,0,0.0,0.0,0.0,0.0,0.0,0.0,0.0,0.0,0.0,0.0
ar6,0,128,auto,0,0.0,0.0,0.0,0.0,0.0,0.0,0.0,0.0,0.0,0.0
ar6,0,256,auto,0,0.0,0.0,0.0,0.0,0.0,0.0,0.0,0.0,0.0,0.0
ar6,0,512,auto,0,0.0,0.0,0.0,0.0,0.0,0.0,0.0,0.0,0.0,0.0
ar6,0,100,auto,0,0.0,0.0,0.0,0.0,0.0,0.0,0.0,0.0,0.0,0.0
ar6,0,100,0.05,0,0.0,0.0,0.0,0.0,0.0,0.0,0.0,0.0,0.0,0.0
ar6,0,100,0.1,0,0.0,0.0,0.0,0.0,0.0,0.0,0.0,0.0,0.0,0.0
ar6,0,100,0.2,0,0.0,0.0,0.0,0.0,0.0,0.0,0.0,0.0,0.0,0.0
ar6,0,100,0.5,0,0.0,0.0,0.0,0.0,0.0,0.0,0.0,0.0,0.0,0.0
ar6,0,100,1,0,0.0,0.0,0.0,0.0,0.0,0.0,0.0,0.0,0.0,0.0
arsenic-female-bladder,0,100,auto,0,0.0,0.0,0.0,0.0,0.0,0.0,0.0,0.0,0.0,0.0
arsenic-female-bladder,0.05,100,auto,0,0.2777777777777778,0.29629629629629634,0.2803738317757009,0.29629629629629634,0.29629629629629634,0.29629629629629634,0.29629629629629634,0.29629629629629634,0.29629629629629634,0.29629629629629634
arsenic-female-bladder,0.1,100,auto,0,0.2647058823529412,0.25,0.2647058823529412,0.2518518518518518,0.25,0.25,0.25,0.2647058823529412,0.2647058823529412,0.25
arsenic-female-bladder,0.15,100,auto,0,0.2926829268292683,0.24390243902439024,0.28048780487804875,0.294478527607362,0.24539877300613497,0.271604938271605,0.3048780487804878,0.26829268292682923,0.25609756097560976,0.23312883435582818
arsenic-female-bladder,0.2,100,auto,0,0.29629629629629634,0.23958333333333331,0.27083333333333337,0.27083333333333337,0.25,0.25,0.28125,0.27225130890052357,0.27225130890052357,0.2916666666666667
arsenic-female-bladder,0.25,100,auto,0,0.24657534246575347,0.2818181818181818,0.30909090909090914,0.21818181818181817,0.24770642201834864,0.27522935779816515,0.2545454545454545,0.2909090909090909,0.26363636363636367,0.2831050228310502
arsenic-female-bladder,LOF,100,auto,0,0.2758620689655173,0.2758620689655173,0.2758620689655173,0.2758620689655173,0.2758620689655173,0.2758620689655173,0.2758620689655173,0.2758620689655173,0.2758620689655173,0.2758620689655173
arsenic-female-bladder,IF,100,auto,0,0.26008968609865474,0.25225225225225223,0.24215246636771298,0.26905829596412556,0.2780269058295964,0.23318385650224216,0.24215246636771298,0.25225225225225223,0.28699551569506726,0.23423423423423423
arsenic-female-bladder,0,1,auto,0,0.0,0.0,0.0,0.0,0.0,0.0,0.0,0.0,0.0,0.0
arsenic-female-bladder,0,2,auto,0,0.0,0.0,0.0,0.0,0.0,0.0,0.0,0.0,0.0,0.0
arsenic-female-bladder,0,4,auto,0,0.0,0.0,0.0,0.0,0.0,0.0,0.0,0.0,0.0,0.0
arsenic-female-bladder,0,8,auto,0,0.0,0.0,0.0,0.0,0.0,0.0,0.0,0.0,0.0,0.0
arsenic-female-bladder,0,16,auto,0,0.0,0.0,0.0,0.0,0.0,0.0,0.0,0.0,0.0,0.0
arsenic-female-bladder,0,32,auto,0,0.0,0.0,0.0,0.0,0.0,0.0,0.0,0.0,0.0,0.0
arsenic-female-bladder,0,64,auto,0,0.0,0.0,0.0,0.0,0.0,0.0,0.0,0.0,0.0,0.0
arsenic-female-bladder,0,100,auto,0,0.0,0.0,0.0,0.0,0.0,0.0,0.0,0.0,0.0,0.0
arsenic-female-bladder,0,128,auto,0,0.0,0.0,0.0,0.0,0.0,0.0,0.0,0.0,0.0,0.0
arsenic-female-bladder,0,256,auto,0,0.0,0.0,0.0,0.0,0.0,0.0,0.0,0.0,0.0,0.0
arsenic-female-bladder,0,512,auto,0,0.0,0.0,0.0,0.0,0.0,0.0,0.0,0.0,0.0,0.0
arsenic-female-bladder,0,100,auto,0,0.0,0.0,0.0,0.0,0.0,0.0,0.0,0.0,0.0,0.0
arsenic-female-bladder,0,100,0.05,0,0.0,0.0,0.0,0.0,0.0,0.0,0.0,0.0,0.0,0.0
arsenic-female-bladder,0,100,0.1,0,0.0,0.0,0.0,0.0,0.0,0.0,0.0,0.0,0.0,0.0
arsenic-female-bladder,0,100,0.2,0,0.0,0.0,0.0,0.0,0.0,0.0,0.0,0.0,0.0,0.0
arsenic-female-bladder,0,100,0.5,0,0.0,0.0,0.0,0.0,0.0,0.0,0.0,0.0,0.0,0.0
arsenic-female-bladder,0,100,1,0,0.0,0.0,0.0,0.0,0.0,0.0,0.0,0.0,0.0,0.0
arsenic-female-lung,0,100,auto,0,0.0,0.0,0.0,0.0,0.0,0.0,0.0,0.0,0.0,0.0
arsenic-female-lung,0.05,100,auto,0,0.6382978723404255,0.6382978723404255,0.6382978723404255,0.6382978723404255,0.6382978723404255,0.6382978723404255,0.6521739130434783,0.6382978723404255,0.6382978723404255,0.6382978723404255
arsenic-female-lung,0.1,100,auto,0,0.4,0.4054054054054054,0.4,0.4054054054054054,0.4054054054054054,0.4,0.4,0.4,0.4,0.4054054054054054
arsenic-female-lung,0.15,100,auto,0,0.2912621359223301,0.2912621359223301,0.29411764705882354,0.2912621359223301,0.2912621359223301,0.29411764705882354,0.2912621359223301,0.29411764705882354,0.29411764705882354,0.2912621359223301
arsenic-female-lung,0.2,100,auto,0,0.24427480916030536,0.24427480916030536,0.234375,0.23255813953488372,0.22900763358778625,0.24615384615384614,0.2307692307692308,0.2307692307692308,0.23255813953488372,0.2307692307692308
arsenic-female-lung,0.25,100,auto,0,0.20253164556962025,0.189873417721519,0.20253164556962025,0.18867924528301885,0.18867924528301885,0.2012578616352201,0.18867924528301885,0.2012578616352201,0.189873417721519,0.20512820512820512
arsenic-female-lung,LOF,100,auto,0,0.5454545454545454,0.5454545454545454,0.5454545454545454,0.5454545454545454,0.5454545454545454,0.5454545454545454,0.5454545454545454,0.5454545454545454,0.5454545454545454,0.5555555555555555
arsenic-female-lung,IF,100,auto,0,0.189873417721519,0.1875,0.2125,0.2012578616352201,0.19999999999999998,0.18867924528301885,0.18867924528301885,0.19999999999999998,0.19999999999999998,0.19999999999999998
arsenic-female-lung,0,1,auto,0,0.0,0.0,0.0,0.0,0.0,0.0,0.0,0.0,0.0,0.0
arsenic-female-lung,0,2,auto,0,0.0,0.0,0.0,0.0,0.0,0.0,0.0,0.0,0.0,0.0
arsenic-female-lung,0,4,auto,0,0.0,0.0,0.0,0.0,0.0,0.0,0.0,0.0,0.0,0.0
arsenic-female-lung,0,8,auto,0,0.0,0.0,0.0,0.0,0.0,0.0,0.0,0.0,0.0,0.0
arsenic-female-lung,0,16,auto,0,0.0,0.0,0.0,0.0,0.0,0.0,0.0,0.0,0.0,0.0
arsenic-female-lung,0,32,auto,0,0.0,0.0,0.0,0.0,0.0,0.0,0.0,0.0,0.0,0.0
arsenic-female-lung,0,64,auto,0,0.0,0.0,0.0,0.0,0.0,0.0,0.0,0.0,0.0,0.0
arsenic-female-lung,0,100,auto,0,0.0,0.0,0.0,0.0,0.0,0.0,0.0,0.0,0.0,0.0
arsenic-female-lung,0,128,auto,0,0.0,0.0,0.0,0.0,0.0,0.0,0.0,0.0,0.0,0.0
arsenic-female-lung,0,256,auto,0,0.0,0.0,0.0,0.0,0.0,0.0,0.0,0.0,0.0,0.0
arsenic-female-lung,0,512,auto,0,0.0,0.0,0.0,0.0,0.0,0.0,0.0,0.0,0.0,0.0
arsenic-female-lung,0,100,auto,0,0.0,0.0,0.0,0.0,0.0,0.0,0.0,0.0,0.0,0.0
arsenic-female-lung,0,100,0.05,0,0.0,0.0,0.0,0.0,0.0,0.0,0.0,0.0,0.0,0.0
arsenic-female-lung,0,100,0.1,0,0.0,0.0,0.0,0.0,0.0,0.0,0.0,0.0,0.0,0.0
arsenic-female-lung,0,100,0.2,0,0.0,0.0,0.0,0.0,0.0,0.0,0.0,0.0,0.0,0.0
arsenic-female-lung,0,100,0.5,0,0.0,0.0,0.0,0.0,0.0,0.0,0.0,0.0,0.0,0.0
arsenic-female-lung,0,100,1,0,0.0,0.0,0.0,0.0,0.0,0.0,0.0,0.0,0.0,0.0
arsenic-male-bladder,0,100,auto,0,0.0,0.0,0.0,0.0,0.0,0.0,0.0,0.0,0.0,0.0
arsenic-male-bladder,0.05,100,auto,0,0.5384615384615384,0.5384615384615384,0.5384615384615384,0.5,0.5,0.5384615384615384,0.5,0.5,0.5384615384615384,0.5384615384615384
arsenic-male-bladder,0.1,100,auto,0,0.35000000000000003,0.35000000000000003,0.35000000000000003,0.35000000000000003,0.35000000000000003,0.35000000000000003,0.35000000000000003,0.35000000000000003,0.35000000000000003,0.35000000000000003
arsenic-male-bladder,0.15,100,auto,0,0.25925925925925924,0.2616822429906542,0.25925925925925924,0.2641509433962264,0.25925925925925924,0.25925925925925924,0.25925925925925924,0.25925925925925924,0.25925925925925924,0.25925925925925924
arsenic-male-bladder,0.2,100,auto,0,0.20588235294117646,0.20588235294117646,0.20588235294117646,0.20588235294117646,0.2074074074074074,0.20588235294117646,0.20588235294117646,0.20588235294117646,0.20588235294117646,0.20588235294117646
arsenic-male-bladder,0.25,100,auto,0,0.1875,0.17177914110429446,0.17073170731707318,0.18292682926829268,0.18292682926829268,0.18292682926829268,0.19512195121951217,0.19512195121951217,0.19512195121951217,0.18518518518518517
arsenic-male-bladder,LOF,100,auto,0,0.5283018867924529,0.5185185185185186,0.5185185185185186,0.5185185185185186,0.5185185185185186,0.5185185185185186,0.5185185185185186,0.5185185185185186,0.5185185185185186,0.5185185185185186
arsenic-male-bladder,IF,100,auto,0,0.19393939393939394,0.17177914110429446,0.1696969696969697,0.19512195121951217,0.1818181818181818,0.17177914110429446,0.17073170731707318,0.20606060606060606,0.19393939393939394,0.1696969696969697
arsenic-male-bladder,0,1,auto,0,0.0,0.0,0.0,0.0,0.0,0.0,0.0,0.0,0.0,0.0
arsenic-male-bladder,0,2,auto,0,0.0,0.0,0.0,0.0,0.0,0.0,0.0,0.0,0.0,0.0
arsenic-male-bladder,0,4,auto,0,0.0,0.0,0.0,0.0,0.0,0.0,0.0,0.0,0.0,0.0
arsenic-male-bladder,0,8,auto,0,0.0,0.0,0.0,0.0,0.0,0.0,0.0,0.0,0.0,0.0
arsenic-male-bladder,0,16,auto,0,0.0,0.0,0.0,0.0,0.0,0.0,0.0,0.0,0.0,0.0
arsenic-male-bladder,0,32,auto,0,0.0,0.0,0.0,0.0,0.0,0.0,0.0,0.0,0.0,0.0
arsenic-male-bladder,0,64,auto,0,0.0,0.0,0.0,0.0,0.0,0.0,0.0,0.0,0.0,0.0
arsenic-male-bladder,0,100,auto,0,0.0,0.0,0.0,0.0,0.0,0.0,0.0,0.0,0.0,0.0
arsenic-male-bladder,0,128,auto,0,0.0,0.0,0.0,0.0,0.0,0.0,0.0,0.0,0.0,0.0
arsenic-male-bladder,0,256,auto,0,0.0,0.0,0.0,0.0,0.0,0.0,0.0,0.0,0.0,0.0
arsenic-male-bladder,0,512,auto,0,0.0,0.0,0.0,0.0,0.0,0.0,0.0,0.0,0.0,0.0
arsenic-male-bladder,0,100,auto,0,0.0,0.0,0.0,0.0,0.0,0.0,0.0,0.0,0.0,0.0
arsenic-male-bladder,0,100,0.05,0,0.0,0.0,0.0,0.0,0.0,0.0,0.0,0.0,0.0,0.0
arsenic-male-bladder,0,100,0.1,0,0.0,0.0,0.0,0.0,0.0,0.0,0.0,0.0,0.0,0.0
arsenic-male-bladder,0,100,0.2,0,0.0,0.0,0.0,0.0,0.0,0.0,0.0,0.0,0.0,0.0
arsenic-male-bladder,0,100,0.5,0,0.0,0.0,0.0,0.0,0.0,0.0,0.0,0.0,0.0,0.0
arsenic-male-bladder,0,100,1,0,0.0,0.0,0.0,0.0,0.0,0.0,0.0,0.0,0.0,0.0
arsenic-male-lung,0,100,auto,0,0.0,0.0,0.0,0.0,0.0,0.0,0.0,0.0,0.0,0.0
arsenic-male-lung,0.05,100,auto,0,0.6341463414634146,0.6341463414634146,0.6341463414634146,0.6341463414634146,0.6341463414634146,0.6341463414634146,0.6341463414634146,0.6341463414634146,0.6341463414634146,0.6341463414634146
arsenic-male-lung,0.1,100,auto,0,0.37681159420289856,0.37681159420289856,0.37681159420289856,0.37681159420289856,0.37681159420289856,0.37681159420289856,0.37681159420289856,0.37681159420289856,0.3823529411764706,0.3823529411764706
arsenic-male-lung,0.15,100,auto,0,0.2680412371134021,0.27083333333333337,0.2680412371134021,0.27083333333333337,0.2680412371134021,0.2680412371134021,0.27083333333333337,0.2680412371134021,0.276595744680851,0.27083333333333337
arsenic-male-lung,0.2,100,auto,0,0.208,0.208,0.208,0.20967741935483872,0.208,0.21311475409836067,0.208,0.21138211382113822,0.208,0.208
arsenic-male-lung,0.25,100,auto,0,0.1733333333333333,0.1699346405228758,0.1699346405228758,0.1699346405228758,0.1699346405228758,0.1699346405228758,0.17218543046357618,0.1699346405228758,0.17105263157894735,0.1699346405228758
arsenic-male-lung,LOF,100,auto,0,0.6046511627906976,0.6046511627906976,0.6046511627906976,0.6046511627906976,0.6046511627906976,0.6046511627906976,0.6046511627906976,0.6190476190476191,0.6046511627906976,0.6046511627906976
arsenic-male-lung,IF,100,auto,0,0.16249999999999998,0.16149068322981366,0.16149068322981366,0.16149068322981366,0.16149068322981366,0.16149068322981366,0.16149068322981366,0.16352201257861634,0.16149068322981366,0.16149068322981366
arsenic-male-lung,0,1,auto,0,0.0,0.0,0.0,0.0,0.0,0.0,0.0,0.0,0.0,0.0
arsenic-male-lung,0,2,auto,0,0.0,0.0,0.0,0.0,0.0,0.0,0.0,0.0,0.0,0.0
arsenic-male-lung,0,4,auto,0,0.0,0.0,0.0,0.0,0.0,0.0,0.0,0.0,0.0,0.0
arsenic-male-lung,0,8,auto,0,0.0,0.0,0.0,0.0,0.0,0.0,0.0,0.0,0.0,0.0
arsenic-male-lung,0,16,auto,0,0.0,0.0,0.0,0.0,0.0,0.0,0.0,0.0,0.0,0.0
arsenic-male-lung,0,32,auto,0,0.0,0.0,0.0,0.0,0.0,0.0,0.0,0.0,0.0,0.0
arsenic-male-lung,0,64,auto,0,0.0,0.0,0.0,0.0,0.0,0.0,0.0,0.0,0.0,0.0
arsenic-male-lung,0,100,auto,0,0.0,0.0,0.0,0.0,0.0,0.0,0.0,0.0,0.0,0.0
arsenic-male-lung,0,128,auto,0,0.0,0.0,0.0,0.0,0.0,0.0,0.0,0.0,0.0,0.0
arsenic-male-lung,0,256,auto,0,0.0,0.0,0.0,0.0,0.0,0.0,0.0,0.0,0.0,0.0
arsenic-male-lung,0,512,auto,0,0.0,0.0,0.0,0.0,0.0,0.0,0.0,0.0,0.0,0.0
arsenic-male-lung,0,100,auto,0,0.0,0.0,0.0,0.0,0.0,0.0,0.0,0.0,0.0,0.0
arsenic-male-lung,0,100,0.05,0,0.0,0.0,0.0,0.0,0.0,0.0,0.0,0.0,0.0,0.0
arsenic-male-lung,0,100,0.1,0,0.0,0.0,0.0,0.0,0.0,0.0,0.0,0.0,0.0,0.0
arsenic-male-lung,0,100,0.2,0,0.0,0.0,0.0,0.0,0.0,0.0,0.0,0.0,0.0,0.0
arsenic-male-lung,0,100,0.5,0,0.0,0.0,0.0,0.0,0.0,0.0,0.0,0.0,0.0,0.0
arsenic-male-lung,0,100,1,0,0.0,0.0,0.0,0.0,0.0,0.0,0.0,0.0,0.0,0.0
backache,0,100,auto,0,0.0,0.0,0.0,0.0,0.0,0.0,0.0,0.0,0.0,0.0
backache,0.05,100,auto,0,0.23529411764705882,0.23529411764705882,0.1764705882352941,0.23529411764705882,0.1764705882352941,0.23529411764705882,0.23529411764705882,0.23529411764705882,0.23529411764705882,0.1764705882352941
backache,0.1,100,auto,0,0.27906976744186046,0.27906976744186046,0.27906976744186046,0.27906976744186046,0.27906976744186046,0.27906976744186046,0.27906976744186046,0.27906976744186046,0.27906976744186046,0.27906976744186046
backache,0.15,100,auto,0,0.2692307692307692,0.30769230769230765,0.30769230769230765,0.23529411764705882,0.23076923076923075,0.2692307692307692,0.23076923076923075,0.2692307692307692,0.3137254901960784,0.2692307692307692
backache,0.2,100,auto,0,0.39344262295081966,0.29508196721311475,0.3333333333333333,0.26229508196721313,0.36065573770491804,0.3278688524590164,0.3278688524590164,0.3278688524590164,0.39344262295081966,0.3
backache,0.25,100,auto,0,0.3428571428571429,0.3428571428571429,0.3714285714285714,0.3428571428571429,0.3428571428571429,0.3428571428571429,0.3428571428571429,0.3428571428571429,0.3714285714285714,0.3428571428571429
backache,LOF,100,auto,0,0.06896551724137932,0.06896551724137932,0.06896551724137932,0.06896551724137932,0.06896551724137932,0.06896551724137932,0.13793103448275865,0.06896551724137932,0.13793103448275865,0.06896551724137932
backache,IF,100,auto,0,0.2711864406779661,0.2711864406779661,0.33898305084745767,0.2711864406779661,0.30508474576271183,0.3728813559322034,0.33898305084745767,0.33898305084745767,0.33898305084745767,0.30508474576271183
backache,0,1,auto,0,0.0,0.0,0.0,0.0,0.0,0.0,0.0,0.0,0.0,0.0
backache,0,2,auto,0,0.0,0.0,0.0,0.0,0.0,0.0,0.0,0.0,0.0,0.0
backache,0,4,auto,0,0.0,0.0,0.0,0.0,0.0,0.0,0.0,0.0,0.0,0.0
backache,0,8,auto,0,0.0,0.0,0.0,0.0,0.0,0.0,0.0,0.0,0.0,0.0
backache,0,16,auto,0,0.0,0.0,0.0,0.0,0.0,0.0,0.0,0.0,0.0,0.0
backache,0,32,auto,0,0.0,0.0,0.0,0.0,0.0,0.0,0.0,0.0,0.0,0.0
backache,0,64,auto,0,0.0,0.0,0.0,0.0,0.0,0.0,0.0,0.0,0.0,0.0
backache,0,100,auto,0,0.0,0.0,0.0,0.0,0.0,0.0,0.0,0.0,0.0,0.0
backache,0,128,auto,0,0.0,0.0,0.0,0.0,0.0,0.0,0.0,0.0,0.0,0.0
backache,0,256,auto,0,0.0,0.0,0.0,0.0,0.0,0.0,0.0,0.0,0.0,0.0
backache,0,512,auto,0,0.0,0.0,0.0,0.0,0.0,0.0,0.0,0.0,0.0,0.0
backache,0,100,auto,0,0.0,0.0,0.0,0.0,0.0,0.0,0.0,0.0,0.0,0.0
backache,0,100,0.05,0,0.0,0.0,0.0,0.0,0.0,0.0,0.0,0.0,0.0,0.0
backache,0,100,0.1,0,0.0,0.0,0.0,0.0,0.0,0.0,0.0,0.0,0.0,0.0
backache,0,100,0.2,0,0.0,0.0,0.0,0.0,0.0,0.0,0.0,0.0,0.0,0.0
backache,0,100,0.5,0,0.0,0.0,0.0,0.0,0.0,0.0,0.0,0.0,0.0,0.0
backache,0,100,1,0,0.0,0.0,0.0,0.0,0.0,0.0,0.0,0.0,0.0,0.0
climate-model-simulation-crashes,0,100,auto,0,0.0,0.0,0.0,0.0,0.0,0.0,0.0,0.0,0.0,0.0
climate-model-simulation-crashes,0.05,100,auto,0,0.0547945205479452,0.13698630136986303,0.0547945205479452,0.1111111111111111,0.0273972602739726,0.13698630136986303,0.0547945205479452,0.05555555555555555,0.08450704225352111,0.08219178082191779
climate-model-simulation-crashes,0.1,100,auto,0,0.12244897959183673,0.13999999999999999,0.13999999999999999,0.1212121212121212,0.07999999999999999,0.20202020202020202,0.12,0.1212121212121212,0.18,0.08080808080808081
climate-model-simulation-crashes,0.15,100,auto,0,0.126984126984127,0.1111111111111111,0.15873015873015875,0.192,0.176,0.15873015873015875,0.12598425196850394,0.1417322834645669,0.12598425196850394,0.08000000000000002
climate-model-simulation-crashes,0.2,100,auto,0,0.20915032679738557,0.14285714285714285,0.1437908496732026,0.13071895424836602,0.20779220779220778,0.20779220779220778,0.196078431372549,0.14473684210526316,0.14473684210526316,0.18181818181818182
climate-model-simulation-crashes,0.25,100,auto,0,0.17777777777777776,0.1878453038674033,0.2099447513812155,0.20224719101123592,0.2111111111111111,0.2,0.17777777777777776,0.24309392265193372,0.23204419889502767,0.1878453038674033
climate-model-simulation-crashes,LOF,100,auto,0,0.0,0.0,0.0,0.0,0.0,0.0,0.0,0.0,0.0,0.0
climate-model-simulation-crashes,IF,100,auto,0,0.16666666666666666,0.1773399014778325,0.1568627450980392,0.19704433497536944,0.18811881188118812,0.17821782178217824,0.15763546798029557,0.1773399014778325,0.1764705882352941,0.16999999999999998
climate-model-simulation-crashes,0,1,auto,0,0.0,0.0,0.0,0.0,0.0,0.0,0.0,0.0,0.0,0.0
climate-model-simulation-crashes,0,2,auto,0,0.0,0.0,0.0,0.0,0.0,0.0,0.0,0.0,0.0,0.0
climate-model-simulation-crashes,0,4,auto,0,0.0,0.0,0.0,0.0,0.0,0.0,0.0,0.0,0.0,0.0
climate-model-simulation-crashes,0,8,auto,0,0.0,0.0,0.0,0.0,0.0,0.0,0.0,0.0,0.0,0.0
climate-model-simulation-crashes,0,16,auto,0,0.0,0.0,0.0,0.0,0.0,0.0,0.0,0.0,0.0,0.0
climate-model-simulation-crashes,0,32,auto,0,0.0,0.0,0.0,0.0,0.0,0.0,0.0,0.0,0.0,0.0
climate-model-simulation-crashes,0,64,auto,0,0.0,0.0,0.0,0.0,0.0,0.0,0.0,0.0,0.0,0.0
climate-model-simulation-crashes,0,100,auto,0,0.0,0.0,0.0,0.0,0.0,0.0,0.0,0.0,0.0,0.0
climate-model-simulation-crashes,0,128,auto,0,0.0,0.0,0.0,0.0,0.0,0.0,0.0,0.0,0.0,0.0
climate-model-simulation-crashes,0,256,auto,0,0.0,0.0,0.0,0.0,0.0,0.0,0.0,0.0,0.0,0.0
climate-model-simulation-crashes,0,512,auto,0,0.0,0.0,0.0,0.0,0.0,0.0,0.0,0.0,0.0,0.0
climate-model-simulation-crashes,0,100,auto,0,0.0,0.0,0.0,0.0,0.0,0.0,0.0,0.0,0.0,0.0
climate-model-simulation-crashes,0,100,0.05,0,0.0,0.0,0.0,0.0,0.0,0.0,0.0,0.0,0.0,0.0
climate-model-simulation-crashes,0,100,0.1,0,0.0,0.0,0.0,0.0,0.0,0.0,0.0,0.0,0.0,0.0
climate-model-simulation-crashes,0,100,0.2,0,0.0,0.0,0.0,0.0,0.0,0.0,0.0,0.0,0.0,0.0
climate-model-simulation-crashes,0,100,0.5,0,0.0,0.0,0.0,0.0,0.0,0.0,0.0,0.0,0.0,0.0
climate-model-simulation-crashes,0,100,1,0,0.0,0.0,0.0,0.0,0.0,0.0,0.0,0.0,0.0,0.0
datatrieve,0,100,auto,0,0.0,0.0,0.0,0.0,0.0,0.0,0.0,0.0,0.0,0.0
datatrieve,0.05,100,auto,0,0.23529411764705885,0.23529411764705885,0.23529411764705885,0.23529411764705885,0.23529411764705885,0.23529411764705885,0.23529411764705885,0.23529411764705885,0.23529411764705885,0.23529411764705885
datatrieve,0.1,100,auto,0,0.33333333333333337,0.33333333333333337,0.24999999999999994,0.24999999999999994,0.16666666666666669,0.24999999999999994,0.24999999999999994,0.33333333333333337,0.33333333333333337,0.24999999999999994
datatrieve,0.15,100,auto,0,0.3333333333333333,0.3333333333333333,0.3333333333333333,0.3333333333333333,0.3333333333333333,0.3333333333333333,0.3333333333333333,0.3333333333333333,0.3333333333333333,0.39999999999999997
datatrieve,0.2,100,auto,0,0.3243243243243243,0.3243243243243243,0.3243243243243243,0.3243243243243243,0.3243243243243243,0.3243243243243243,0.3243243243243243,0.3243243243243243,0.3333333333333333,0.3243243243243243
datatrieve,0.25,100,auto,0,0.27906976744186046,0.27906976744186046,0.27906976744186046,0.27906976744186046,0.27906976744186046,0.27906976744186046,0.27906976744186046,0.27906976744186046,0.27906976744186046,0.2857142857142857
datatrieve,LOF,100,auto,0,0.2222222222222222,0.2222222222222222,0.2222222222222222,0.2222222222222222,0.2222222222222222,0.2222222222222222,0.2222222222222222,0.2222222222222222,0.2222222222222222,0.2222222222222222
datatrieve,IF,100,auto,0,0.3,0.3,0.3,0.3,0.3,0.3,0.3,0.3,0.3,0.3
datatrieve,0,1,auto,0,0.0,0.0,0.0,0.0,0.0,0.0,0.0,0.0,0.0,0.0
datatrieve,0,2,auto,0,0.0,0.0,0.0,0.0,0.0,0.0,0.0,0.0,0.0,0.0
datatrieve,0,4,auto,0,0.0,0.0,0.0,0.0,0.0,0.0,0.0,0.0,0.0,0.0
datatrieve,0,8,auto,0,0.0,0.0,0.0,0.0,0.0,0.0,0.0,0.0,0.0,0.0
datatrieve,0,16,auto,0,0.0,0.0,0.0,0.0,0.0,0.0,0.0,0.0,0.0,0.0
datatrieve,0,32,auto,0,0.0,0.0,0.0,0.0,0.0,0.0,0.0,0.0,0.0,0.0
datatrieve,0,64,auto,0,0.0,0.0,0.0,0.0,0.0,0.0,0.0,0.0,0.0,0.0
datatrieve,0,100,auto,0,0.0,0.0,0.0,0.0,0.0,0.0,0.0,0.0,0.0,0.0
datatrieve,0,128,auto,0,0.0,0.0,0.0,0.0,0.0,0.0,0.0,0.0,0.0,0.0
datatrieve,0,256,auto,0,0.0,0.0,0.0,0.0,0.0,0.0,0.0,0.0,0.0,0.0
datatrieve,0,512,auto,0,0.0,0.0,0.0,0.0,0.0,0.0,0.0,0.0,0.0,0.0
datatrieve,0,100,auto,0,0.0,0.0,0.0,0.0,0.0,0.0,0.0,0.0,0.0,0.0
datatrieve,0,100,0.05,0,0.0,0.0,0.0,0.0,0.0,0.0,0.0,0.0,0.0,0.0
datatrieve,0,100,0.1,0,0.0,0.0,0.0,0.0,0.0,0.0,0.0,0.0,0.0,0.0
datatrieve,0,100,0.2,0,0.0,0.0,0.0,0.0,0.0,0.0,0.0,0.0,0.0,0.0
datatrieve,0,100,0.5,0,0.0,0.0,0.0,0.0,0.0,0.0,0.0,0.0,0.0,0.0
datatrieve,0,100,1,0,0.0,0.0,0.0,0.0,0.0,0.0,0.0,0.0,0.0,0.0
fertility,0,100,auto,0,0.0,0.0,0.0,0.0,0.0,0.0,0.0,0.0,0.0,0.0
fertility,0.05,100,auto,0,0.0,0.0,0.0,0.0,0.0,0.0,0.0,0.0,0.0,0.0
fertility,0.1,100,auto,0,0.0,0.0,0.0909090909090909,0.0,0.0,0.0909090909090909,0.0,0.0909090909090909,0.0,0.0
fertility,0.15,100,auto,0,0.07407407407407407,0.07407407407407407,0.07692307692307691,0.22222222222222224,0.0,0.0,0.22222222222222224,0.14814814814814814,0.15384615384615383,0.14814814814814814
fertility,0.2,100,auto,0,0.18749999999999997,0.25,0.12903225806451615,0.1935483870967742,0.18749999999999997,0.18749999999999997,0.25,0.18749999999999997,0.125,0.125
fertility,0.25,100,auto,0,0.21621621621621623,0.21621621621621623,0.21621621621621623,0.21621621621621623,0.21621621621621623,0.21621621621621623,0.21621621621621623,0.21621621621621623,0.21621621621621623,0.21621621621621623
fertility,LOF,100,auto,0,0.0,0.0,0.0,0.0,0.0,0.0,0.0,0.0,0.0,0.0
fertility,IF,100,auto,0,0.2456140350877193,0.2413793103448276,0.2413793103448276,0.2456140350877193,0.27586206896551724,0.2413793103448276,0.2413793103448276,0.2413793103448276,0.2413793103448276,0.2413793103448276
fertility,0,1,auto,0,0.0,0.0,0.0,0.0,0.0,0.0,0.0,0.0,0.0,0.0
fertility,0,2,auto,0,0.0,0.0,0.0,0.0,0.0,0.0,0.0,0.0,0.0,0.0
fertility,0,4,auto,0,0.0,0.0,0.0,0.0,0.0,0.0,0.0,0.0,0.0,0.0
fertility,0,8,auto,0,0.0,0.0,0.0,0.0,0.0,0.0,0.0,0.0,0.0,0.0
fertility,0,16,auto,0,0.0,0.0,0.0,0.0,0.0,0.0,0.0,0.0,0.0,0.0
fertility,0,32,auto,0,0.0,0.0,0.0,0.0,0.0,0.0,0.0,0.0,0.0,0.0
fertility,0,64,auto,0,0.0,0.0,0.0,0.0,0.0,0.0,0.0,0.0,0.0,0.0
fertility,0,100,auto,0,0.0,0.0,0.0,0.0,0.0,0.0,0.0,0.0,0.0,0.0
fertility,0,128,auto,0,0.0,0.0,0.0,0.0,0.0,0.0,0.0,0.0,0.0,0.0
fertility,0,256,auto,0,0.0,0.0,0.0,0.0,0.0,0.0,0.0,0.0,0.0,0.0
fertility,0,512,auto,0,0.0,0.0,0.0,0.0,0.0,0.0,0.0,0.0,0.0,0.0
fertility,0,100,auto,0,0.0,0.0,0.0,0.0,0.0,0.0,0.0,0.0,0.0,0.0
fertility,0,100,0.05,0,0.0,0.0,0.0,0.0,0.0,0.0,0.0,0.0,0.0,0.0
fertility,0,100,0.1,0,0.0,0.0,0.0,0.0,0.0,0.0,0.0,0.0,0.0,0.0
fertility,0,100,0.2,0,0.0,0.0,0.0,0.0,0.0,0.0,0.0,0.0,0.0,0.0
fertility,0,100,0.5,0,0.0,0.0,0.0,0.0,0.0,0.0,0.0,0.0,0.0,0.0
fertility,0,100,1,0,0.0,0.0,0.0,0.0,0.0,0.0,0.0,0.0,0.0,0.0
flare,0,100,auto,0,0.0,0.0,0.0,0.0,0.0,0.0,0.0,0.0,0.0,0.0
flare,0.05,100,auto,0,0.1702127659574468,0.1623931623931624,0.15384615384615385,0.16170212765957448,0.17094017094017092,0.1802575107296137,0.16170212765957448,0.14529914529914528,0.16170212765957448,0.13675213675213677
flare,0.1,100,auto,0,0.22145328719723187,0.22837370242214533,0.22837370242214533,0.22145328719723187,0.22145328719723187,0.20905923344947736,0.21201413427561835,0.2175438596491228,0.22996515679442506,0.2152777777777778
flare,0.15,100,auto,0,0.21492537313432833,0.22222222222222224,0.22222222222222224,0.22287390029325516,0.22287390029325516,0.23008849557522124,0.22485207100591717,0.22222222222222224,0.22941176470588237,0.21637426900584794
flare,0.2,100,auto,0,0.2227848101265823,0.22784810126582278,0.2227848101265823,0.233502538071066,0.21772151898734177,0.21772151898734177,0.20759493670886078,0.2182741116751269,0.2137404580152672,0.21772151898734177
flare,0.25,100,auto,0,0.2471910112359551,0.23927765237020315,0.22767857142857145,0.23318385650224216,0.2237136465324385,0.23318385650224216,0.23660714285714288,0.23820224719101124,0.23318385650224216,0.24553571428571425
flare,LOF,100,auto,0,0.218978102189781,0.22926829268292684,0.23902439024390243,0.22926829268292684,0.22926829268292684,0.22871046228710465,0.20588235294117646,0.21411192214111924,0.22926829268292684,0.21951219512195122
flare,IF,100,auto,0,0.28046744574290483,0.2948073701842546,0.2928452579034942,0.30150753768844224,0.30016863406408095,0.30344827586206896,0.28373702422145325,0.29716193656093487,0.2986577181208054,0.2984562607204117
flare,0,1,auto,0,0.0,0.0,0.0,0.0,0.0,0.0,0.0,0.0,0.0,0.0
flare,0,2,auto,0,0.0,0.0,0.0,0.0,0.0,0.0,0.0,0.0,0.0,0.0
flare,0,4,auto,0,0.0,0.0,0.0,0.0,0.0,0.0,0.0,0.0,0.0,0.0
flare,0,8,auto,0,0.0,0.0,0.0,0.0,0.0,0.0,0.0,0.0,0.0,0.0
flare,0,16,auto,0,0.0,0.0,0.0,0.0,0.0,0.0,0.0,0.0,0.0,0.0
flare,0,32,auto,0,0.0,0.0,0.0,0.0,0.0,0.0,0.0,0.0,0.0,0.0
flare,0,64,auto,0,0.0,0.0,0.0,0.0,0.0,0.0,0.0,0.0,0.0,0.0
flare,0,100,auto,0,0.0,0.0,0.0,0.0,0.0,0.0,0.0,0.0,0.0,0.0
flare,0,128,auto,0,0.0,0.0,0.0,0.0,0.0,0.0,0.0,0.0,0.0,0.0
flare,0,256,auto,0,0.0,0.0,0.0,0.0,0.0,0.0,0.0,0.0,0.0,0.0
flare,0,512,auto,0,0.0,0.0,0.0,0.0,0.0,0.0,0.0,0.0,0.0,0.0
flare,0,100,auto,0,0.0,0.0,0.0,0.0,0.0,0.0,0.0,0.0,0.0,0.0
flare,0,100,0.05,0,0.0,0.0,0.0,0.0,0.0,0.0,0.0,0.0,0.0,0.0
flare,0,100,0.1,0,0.0,0.0,0.0,0.0,0.0,0.0,0.0,0.0,0.0,0.0
flare,0,100,0.2,0,0.0,0.0,0.0,0.0,0.0,0.0,0.0,0.0,0.0,0.0
flare,0,100,0.5,0,0.0,0.0,0.0,0.0,0.0,0.0,0.0,0.0,0.0,0.0
flare,0,100,1,0,0.0,0.0,0.0,0.0,0.0,0.0,0.0,0.0,0.0,0.0
kc3,0,100,auto,0,0.0,0.0,0.0,0.0,0.0,0.0,0.0,0.0,0.0,0.0
kc3,0.05,100,auto,0,0.33333333333333337,0.33333333333333337,0.33333333333333337,0.33333333333333337,0.30303030303030304,0.30769230769230765,0.3384615384615385,0.33333333333333337,0.33333333333333337,0.33333333333333337
kc3,0.1,100,auto,0,0.38202247191011235,0.35955056179775285,0.4044943820224719,0.38202247191011235,0.38202247191011235,0.38202247191011235,0.38202247191011235,0.35955056179775285,0.38202247191011235,0.35955056179775285
kc3,0.15,100,auto,0,0.375,0.375,0.35714285714285715,0.35714285714285715,0.36363636363636365,0.35714285714285715,0.34234234234234234,0.375,0.3783783783783784,0.3783783783783784
kc3,0.2,100,auto,0,0.3134328358208955,0.32592592592592595,0.32592592592592595,0.32592592592592595,0.32592592592592595,0.3432835820895522,0.35555555555555557,0.32592592592592595,0.32592592592592595,0.32592592592592595
kc3,0.25,100,auto,0,0.3184713375796178,0.2929936305732484,0.3312101910828025,0.3057324840764331,0.2929936305732484,0.2948717948717949,0.3057324840764331,0.3184713375796178,0.2948717948717949,0.2802547770700637
kc3,LOF,100,auto,0,0.34951456310679613,0.3689320388349514,0.3846153846153846,0.3269230769230769,0.3846153846153846,0.34615384615384615,0.3846153846153846,0.3846153846153846,0.37254901960784315,0.34615384615384615
kc3,IF,100,auto,0,0.34951456310679613,0.3883495145631068,0.3883495145631068,0.3689320388349514,0.34951456310679613,0.3689320388349514,0.3689320388349514,0.3689320388349514,0.34951456310679613,0.3921568627450981
kc3,0,1,auto,0,0.0,0.0,0.0,0.0,0.0,0.0,0.0,0.0,0.0,0.0
kc3,0,2,auto,0,0.0,0.0,0.0,0.0,0.0,0.0,0.0,0.0,0.0,0.0
kc3,0,4,auto,0,0.0,0.0,0.0,0.0,0.0,0.0,0.0,0.0,0.0,0.0
kc3,0,8,auto,0,0.0,0.0,0.0,0.0,0.0,0.0,0.0,0.0,0.0,0.0
kc3,0,16,auto,0,0.0,0.0,0.0,0.0,0.0,0.0,0.0,0.0,0.0,0.0
kc3,0,32,auto,0,0.0,0.0,0.0,0.0,0.0,0.0,0.0,0.0,0.0,0.0
kc3,0,64,auto,0,0.0,0.0,0.0,0.0,0.0,0.0,0.0,0.0,0.0,0.0
kc3,0,100,auto,0,0.0,0.0,0.0,0.0,0.0,0.0,0.0,0.0,0.0,0.0
kc3,0,128,auto,0,0.0,0.0,0.0,0.0,0.0,0.0,0.0,0.0,0.0,0.0
kc3,0,256,auto,0,0.0,0.0,0.0,0.0,0.0,0.0,0.0,0.0,0.0,0.0
kc3,0,512,auto,0,0.0,0.0,0.0,0.0,0.0,0.0,0.0,0.0,0.0,0.0
kc3,0,100,auto,0,0.0,0.0,0.0,0.0,0.0,0.0,0.0,0.0,0.0,0.0
kc3,0,100,0.05,0,0.0,0.0,0.0,0.0,0.0,0.0,0.0,0.0,0.0,0.0
kc3,0,100,0.1,0,0.0,0.0,0.0,0.0,0.0,0.0,0.0,0.0,0.0,0.0
kc3,0,100,0.2,0,0.0,0.0,0.0,0.0,0.0,0.0,0.0,0.0,0.0,0.0
kc3,0,100,0.5,0,0.0,0.0,0.0,0.0,0.0,0.0,0.0,0.0,0.0,0.0
kc3,0,100,1,0,0.0,0.0,0.0,0.0,0.0,0.0,0.0,0.0,0.0,0.0
lungcancer_GSE31210,0,100,auto,0,0.0,0.0,0.0,0.0,0.0,0.0,0.0,0.0,0.0,0.0
lungcancer_GSE31210,0.05,100,auto,0,0.17391304347826086,0.17391304347826086,0.21739130434782608,0.13043478260869562,0.17391304347826086,0.21739130434782608,0.13043478260869562,0.13043478260869562,0.17391304347826086,0.17391304347826086
lungcancer_GSE31210,0.1,100,auto,0,0.20689655172413796,0.17241379310344826,0.20689655172413796,0.17543859649122806,0.20689655172413796,0.20689655172413796,0.20689655172413796,0.24137931034482762,0.20689655172413796,0.17241379310344826
lungcancer_GSE31210,0.15,100,auto,0,0.20289855072463767,0.23529411764705885,0.20289855072463767,0.20289855072463767,0.20289855072463767,0.20289855072463767,0.23529411764705885,0.20289855072463767,0.20289855072463767,0.20289855072463767
lungcancer_GSE31210,0.2,100,auto,0,0.17500000000000002,0.25,0.27499999999999997,0.225,0.225,0.25,0.225,0.25,0.225,0.17500000000000002
lungcancer_GSE31210,0.25,100,auto,0,0.24175824175824176,0.2637362637362637,0.21978021978021978,0.2,0.21978021978021978,0.24175824175824176,0.21978021978021978,0.2637362637362637,0.2444444444444445,0.21978021978021978
lungcancer_GSE31210,LOF,100,auto,0,0.13636363636363638,0.1818181818181818,0.13636363636363638,0.1818181818181818,0.0909090909090909,0.1818181818181818,0.1818181818181818,0.1818181818181818,0.1818181818181818,0.13636363636363638
lungcancer_GSE31210,IF,100,auto,0,0.20689655172413796,0.24137931034482762,0.24137931034482762,0.17241379310344826,0.20689655172413796,0.17241379310344826,0.20689655172413796,0.20689655172413796,0.17241379310344826,0.20689655172413796
lungcancer_GSE31210,0,1,auto,0,0.0,0.0,0.0,0.0,0.0,0.0,0.0,0.0,0.0,0.0
lungcancer_GSE31210,0,2,auto,0,0.0,0.0,0.0,0.0,0.0,0.0,0.0,0.0,0.0,0.0
lungcancer_GSE31210,0,4,auto,0,0.0,0.0,0.0,0.0,0.0,0.0,0.0,0.0,0.0,0.0
lungcancer_GSE31210,0,8,auto,0,0.0,0.0,0.0,0.0,0.0,0.0,0.0,0.0,0.0,0.0
lungcancer_GSE31210,0,16,auto,0,0.0,0.0,0.0,0.0,0.0,0.0,0.0,0.0,0.0,0.0
lungcancer_GSE31210,0,32,auto,0,0.0,0.0,0.0,0.0,0.0,0.0,0.0,0.0,0.0,0.0
lungcancer_GSE31210,0,64,auto,0,0.0,0.0,0.0,0.0,0.0,0.0,0.0,0.0,0.0,0.0
lungcancer_GSE31210,0,100,auto,0,0.0,0.0,0.0,0.0,0.0,0.0,0.0,0.0,0.0,0.0
lungcancer_GSE31210,0,128,auto,0,0.0,0.0,0.0,0.0,0.0,0.0,0.0,0.0,0.0,0.0
lungcancer_GSE31210,0,256,auto,0,0.0,0.0,0.0,0.0,0.0,0.0,0.0,0.0,0.0,0.0
lungcancer_GSE31210,0,512,auto,0,0.0,0.0,0.0,0.0,0.0,0.0,0.0,0.0,0.0,0.0
lungcancer_GSE31210,0,100,auto,0,0.0,0.0,0.0,0.0,0.0,0.0,0.0,0.0,0.0,0.0
lungcancer_GSE31210,0,100,0.05,0,0.0,0.0,0.0,0.0,0.0,0.0,0.0,0.0,0.0,0.0
lungcancer_GSE31210,0,100,0.1,0,0.0,0.0,0.0,0.0,0.0,0.0,0.0,0.0,0.0,0.0
lungcancer_GSE31210,0,100,0.2,0,0.0,0.0,0.0,0.0,0.0,0.0,0.0,0.0,0.0,0.0
lungcancer_GSE31210,0,100,0.5,0,0.0,0.0,0.0,0.0,0.0,0.0,0.0,0.0,0.0,0.0
lungcancer_GSE31210,0,100,1,0,0.0,0.0,0.0,0.0,0.0,0.0,0.0,0.0,0.0,0.0
mw1,0,100,auto,0,0.0,0.0,0.0,0.0,0.0,0.0,0.0,0.0,0.0,0.0
mw1,0.05,100,auto,0,0.23529411764705882,0.19607843137254902,0.19607843137254902,0.19607843137254902,0.19607843137254902,0.19607843137254902,0.19607843137254902,0.19607843137254902,0.19607843137254902,0.19607843137254902
mw1,0.1,100,auto,0,0.2608695652173913,0.2571428571428572,0.3098591549295775,0.3098591549295775,0.3098591549295775,0.2535211267605634,0.3098591549295775,0.28169014084507044,0.28169014084507044,0.2571428571428572
mw1,0.15,100,auto,0,0.32967032967032966,0.3076923076923077,0.3370786516853933,0.32967032967032966,0.3076923076923077,0.32967032967032966,0.26373626373626374,0.3516483516483517,0.3076923076923077,0.3076923076923077
mw1,0.2,100,auto,0,0.2857142857142857,0.30357142857142855,0.2857142857142857,0.30357142857142855,0.2857142857142857,0.30357142857142855,0.2857142857142857,0.3063063063063063,0.2857142857142857,0.2702702702702703
mw1,0.25,100,auto,0,0.2727272727272727,0.2727272727272727,0.24242424242424243,0.25757575757575757,0.2727272727272727,0.25757575757575757,0.27480916030534347,0.25757575757575757,0.2727272727272727,0.2727272727272727
mw1,LOF,100,auto,0,0.09302325581395349,0.09302325581395349,0.13953488372093023,0.09302325581395349,0.13953488372093023,0.09523809523809523,0.09302325581395349,0.09302325581395349,0.09302325581395349,0.09302325581395349
mw1,IF,100,auto,0,0.2597402597402597,0.31168831168831174,0.31168831168831174,0.2857142857142857,0.31168831168831174,0.33766233766233766,0.33766233766233766,0.31168831168831174,0.2857142857142857,0.33766233766233766
mw1,0,1,auto,0,0.0,0.0,0.0,0.0,0.0,0.0,0.0,0.0,0.0,0.0
mw1,0,2,auto,0,0.0,0.0,0.0,0.0,0.0,0.0,0.0,0.0,0.0,0.0
mw1,0,4,auto,0,0.0,0.0,0.0,0.0,0.0,0.0,0.0,0.0,0.0,0.0
mw1,0,8,auto,0,0.0,0.0,0.0,0.0,0.0,0.0,0.0,0.0,0.0,0.0
mw1,0,16,auto,0,0.0,0.0,0.0,0.0,0.0,0.0,0.0,0.0,0.0,0.0
mw1,0,32,auto,0,0.0,0.0,0.0,0.0,0.0,0.0,0.0,0.0,0.0,0.0
mw1,0,64,auto,0,0.0,0.0,0.0,0.0,0.0,0.0,0.0,0.0,0.0,0.0
mw1,0,100,auto,0,0.0,0.0,0.0,0.0,0.0,0.0,0.0,0.0,0.0,0.0
mw1,0,128,auto,0,0.0,0.0,0.0,0.0,0.0,0.0,0.0,0.0,0.0,0.0
mw1,0,256,auto,0,0.0,0.0,0.0,0.0,0.0,0.0,0.0,0.0,0.0,0.0
mw1,0,512,auto,0,0.0,0.0,0.0,0.0,0.0,0.0,0.0,0.0,0.0,0.0
mw1,0,100,auto,0,0.0,0.0,0.0,0.0,0.0,0.0,0.0,0.0,0.0,0.0
mw1,0,100,0.05,0,0.0,0.0,0.0,0.0,0.0,0.0,0.0,0.0,0.0,0.0
mw1,0,100,0.1,0,0.0,0.0,0.0,0.0,0.0,0.0,0.0,0.0,0.0,0.0
mw1,0,100,0.2,0,0.0,0.0,0.0,0.0,0.0,0.0,0.0,0.0,0.0,0.0
mw1,0,100,0.5,0,0.0,0.0,0.0,0.0,0.0,0.0,0.0,0.0,0.0,0.0
mw1,0,100,1,0,0.0,0.0,0.0,0.0,0.0,0.0,0.0,0.0,0.0,0.0
pc1,0,100,auto,0,0.0,0.0,0.0,0.0,0.0,0.0,0.0,0.0,0.0,0.0
pc1,0.05,100,auto,0,0.2727272727272727,0.24242424242424243,0.2727272727272727,0.2727272727272727,0.24242424242424243,0.2595419847328244,0.2727272727272727,0.2748091603053435,0.24242424242424243,0.2595419847328244
pc1,0.1,100,auto,0,0.26595744680851063,0.2765957446808511,0.26595744680851063,0.27807486631016043,0.2765957446808511,0.26595744680851063,0.26595744680851063,0.2566844919786096,0.2553191489361702,0.2765957446808511
pc1,0.15,100,auto,0,0.2222222222222222,0.23966942148760328,0.2222222222222222,0.2222222222222222,0.23333333333333336,0.2222222222222222,0.2222222222222222,0.22406639004149378,0.2222222222222222,0.2222222222222222
pc1,0.2,100,auto,0,0.24161073825503357,0.22073578595317728,0.22073578595317728,0.2140468227424749,0.2140468227424749,0.2214765100671141,0.20735785953177255,0.2140468227424749,0.22742474916387959,0.2140468227424749
pc1,0.25,100,auto,0,0.2209631728045326,0.2090395480225989,0.22159090909090906,0.21468926553672318,0.21590909090909094,0.20963172804532582,0.22033898305084745,0.22033898305084745,0.20963172804532582,0.21468926553672318
pc1,LOF,100,auto,0,0.22727272727272727,0.25757575757575757,0.24242424242424243,0.25757575757575757,0.2727272727272727,0.24242424242424243,0.25757575757575757,0.2878787878787879,0.2727272727272727,0.2878787878787879
pc1,IF,100,auto,0,0.25806451612903225,0.2688172043010753,0.25806451612903225,0.2795698924731183,0.2688172043010753,0.2688172043010753,0.2688172043010753,0.2688172043010753,0.25806451612903225,0.25806451612903225
pc1,0,1,auto,0,0.0,0.0,0.0,0.0,0.0,0.0,0.0,0.0,0.0,0.0
pc1,0,2,auto,0,0.0,0.0,0.0,0.0,0.0,0.0,0.0,0.0,0.0,0.0
pc1,0,4,auto,0,0.0,0.0,0.0,0.0,0.0,0.0,0.0,0.0,0.0,0.0
pc1,0,8,auto,0,0.0,0.0,0.0,0.0,0.0,0.0,0.0,0.0,0.0,0.0
pc1,0,16,auto,0,0.0,0.0,0.0,0.0,0.0,0.0,0.0,0.0,0.0,0.0
pc1,0,32,auto,0,0.0,0.0,0.0,0.0,0.0,0.0,0.0,0.0,0.0,0.0
pc1,0,64,auto,0,0.0,0.0,0.0,0.0,0.0,0.0,0.0,0.0,0.0,0.0
pc1,0,100,auto,0,0.0,0.0,0.0,0.0,0.0,0.0,0.0,0.0,0.0,0.0
pc1,0,128,auto,0,0.0,0.0,0.0,0.0,0.0,0.0,0.0,0.0,0.0,0.0
pc1,0,256,auto,0,0.0,0.0,0.0,0.0,0.0,0.0,0.0,0.0,0.0,0.0
pc1,0,512,auto,0,0.0,0.0,0.0,0.0,0.0,0.0,0.0,0.0,0.0,0.0
pc1,0,100,auto,0,0.0,0.0,0.0,0.0,0.0,0.0,0.0,0.0,0.0,0.0
pc1,0,100,0.05,0,0.0,0.0,0.0,0.0,0.0,0.0,0.0,0.0,0.0,0.0
pc1,0,100,0.1,0,0.0,0.0,0.0,0.0,0.0,0.0,0.0,0.0,0.0,0.0
pc1,0,100,0.2,0,0.0,0.0,0.0,0.0,0.0,0.0,0.0,0.0,0.0,0.0
pc1,0,100,0.5,0,0.0,0.0,0.0,0.0,0.0,0.0,0.0,0.0,0.0,0.0
pc1,0,100,1,0,0.0,0.0,0.0,0.0,0.0,0.0,0.0,0.0,0.0,0.0
thoracic_surgery,0,100,auto,0,0.0,0.0,0.0,0.0,0.0,0.0,0.0,0.0,0.0,0.0
thoracic_surgery,0.05,100,auto,0,0.08695652173913043,0.08602150537634408,0.08602150537634408,0.10869565217391304,0.08602150537634408,0.1075268817204301,0.08602150537634408,0.1075268817204301,0.1075268817204301,0.08602150537634408
thoracic_surgery,0.1,100,auto,0,0.18803418803418803,0.22222222222222224,0.18803418803418803,0.17241379310344826,0.18803418803418803,0.20689655172413796,0.22222222222222224,0.20512820512820512,0.18803418803418803,0.15517241379310345
thoracic_surgery,0.15,100,auto,0,0.3142857142857143,0.3,0.2857142857142857,0.3,0.3,0.3142857142857143,0.34285714285714286,0.2589928057553956,0.2857142857142857,0.3
thoracic_surgery,0.2,100,auto,0,0.3312883435582822,0.3292682926829268,0.30674846625766866,0.3048780487804878,0.3048780487804878,0.3435582822085889,0.3292682926829268,0.34146341463414637,0.3170731707317073,0.3536585365853659
thoracic_surgery,0.25,100,auto,0,0.320855614973262,0.3101604278074866,0.3225806451612903,0.2994652406417112,0.3422459893048128,0.3440860215053763,0.3315508021390375,0.3315508021390375,0.3422459893048128,0.3101604278074866
thoracic_surgery,LOF,100,auto,0,0.0697674418604651,0.0697674418604651,0.09302325581395347,0.0697674418604651,0.09302325581395347,0.09302325581395347,0.09302325581395347,0.07058823529411765,0.0697674418604651,0.09302325581395347
thoracic_surgery,IF,100,auto,0,0.3287671232876712,0.33103448275862074,0.32653061224489793,0.3129251700680272,0.3129251700680272,0.29931972789115646,0.3129251700680272,0.28571428571428564,0.29931972789115646,0.3150684931506849
thoracic_surgery,0,1,auto,0,0.0,0.0,0.0,0.0,0.0,0.0,0.0,0.0,0.0,0.0
thoracic_surgery,0,2,auto,0,0.0,0.0,0.0,0.0,0.0,0.0,0.0,0.0,0.0,0.0
thoracic_surgery,0,4,auto,0,0.0,0.0,0.0,0.0,0.0,0.0,0.0,0.0,0.0,0.0
thoracic_surgery,0,8,auto,0,0.0,0.0,0.0,0.0,0.0,0.0,0.0,0.0,0.0,0.0
thoracic_surgery,0,16,auto,0,0.0,0.0,0.0,0.0,0.0,0.0,0.0,0.0,0.0,0.0
thoracic_surgery,0,32,auto,0,0.0,0.0,0.0,0.0,0.0,0.0,0.0,0.0,0.0,0.0
thoracic_surgery,0,64,auto,0,0.0,0.0,0.0,0.0,0.0,0.0,0.0,0.0,0.0,0.0
thoracic_surgery,0,100,auto,0,0.0,0.0,0.0,0.0,0.0,0.0,0.0,0.0,0.0,0.0
thoracic_surgery,0,128,auto,0,0.0,0.0,0.0,0.0,0.0,0.0,0.0,0.0,0.0,0.0
thoracic_surgery,0,256,auto,0,0.0,0.0,0.0,0.0,0.0,0.0,0.0,0.0,0.0,0.0
thoracic_surgery,0,512,auto,0,0.0,0.0,0.0,0.0,0.0,0.0,0.0,0.0,0.0,0.0
thoracic_surgery,0,100,auto,0,0.0,0.0,0.0,0.0,0.0,0.0,0.0,0.0,0.0,0.0
thoracic_surgery,0,100,0.05,0,0.0,0.0,0.0,0.0,0.0,0.0,0.0,0.0,0.0,0.0
thoracic_surgery,0,100,0.1,0,0.0,0.0,0.0,0.0,0.0,0.0,0.0,0.0,0.0,0.0
thoracic_surgery,0,100,0.2,0,0.0,0.0,0.0,0.0,0.0,0.0,0.0,0.0,0.0,0.0
thoracic_surgery,0,100,0.5,0,0.0,0.0,0.0,0.0,0.0,0.0,0.0,0.0,0.0,0.0
thoracic_surgery,0,100,1,0,0.0,0.0,0.0,0.0,0.0,0.0,0.0,0.0,0.0,0.0
visualizing_livestock,0,100,auto,0,0.0,0.0,0.0,0.0,0.0,0.0,0.0,0.0,0.0,0.0
visualizing_livestock,0.05,100,auto,0,0.0,0.06451612903225806,0.0,0.0,0.0,0.0,0.06451612903225806,0.06451612903225806,0.0,0.06451612903225806
visualizing_livestock,0.1,100,auto,0,0.052631578947368425,0.05405405405405406,0.052631578947368425,0.052631578947368425,0.052631578947368425,0.052631578947368425,0.052631578947368425,0.052631578947368425,0.0,0.052631578947368425
visualizing_livestock,0.15,100,auto,0,0.0909090909090909,0.13636363636363635,0.13636363636363635,0.0909090909090909,0.13636363636363635,0.0909090909090909,0.04545454545454545,0.0909090909090909,0.04545454545454545,0.13636363636363635
visualizing_livestock,0.2,100,auto,0,0.1568627450980392,0.1568627450980392,0.19607843137254902,0.12,0.1568627450980392,0.16,0.19607843137254902,0.0784313725490196,0.11764705882352941,0.12
visualizing_livestock,0.25,100,auto,0,0.21052631578947367,0.14545454545454545,0.17543859649122806,0.14285714285714285,0.17543859649122806,0.17543859649122806,0.21052631578947367,0.17543859649122806,0.2456140350877193,0.17857142857142855
visualizing_livestock,LOF,100,auto,0,0.0,0.0,0.0,0.0,0.0,0.0,0.0,0.0,0.0,0.0
visualizing_livestock,IF,100,auto,0,0.14814814814814817,0.1851851851851852,0.1851851851851852,0.11111111111111112,0.1851851851851852,0.15094339622641512,0.14814814814814817,0.11111111111111112,0.14814814814814817,0.1851851851851852
visualizing_livestock,0,1,auto,0,0.0,0.0,0.0,0.0,0.0,0.0,0.0,0.0,0.0,0.0
visualizing_livestock,0,2,auto,0,0.0,0.0,0.0,0.0,0.0,0.0,0.0,0.0,0.0,0.0
visualizing_livestock,0,4,auto,0,0.0,0.0,0.0,0.0,0.0,0.0,0.0,0.0,0.0,0.0
visualizing_livestock,0,8,auto,0,0.0,0.0,0.0,0.0,0.0,0.0,0.0,0.0,0.0,0.0
visualizing_livestock,0,16,auto,0,0.0,0.0,0.0,0.0,0.0,0.0,0.0,0.0,0.0,0.0
visualizing_livestock,0,32,auto,0,0.0,0.0,0.0,0.0,0.0,0.0,0.0,0.0,0.0,0.0
visualizing_livestock,0,64,auto,0,0.0,0.0,0.0,0.0,0.0,0.0,0.0,0.0,0.0,0.0
visualizing_livestock,0,100,auto,0,0.0,0.0,0.0,0.0,0.0,0.0,0.0,0.0,0.0,0.0
visualizing_livestock,0,128,auto,0,0.0,0.0,0.0,0.0,0.0,0.0,0.0,0.0,0.0,0.0
visualizing_livestock,0,256,auto,0,0.0,0.0,0.0,0.0,0.0,0.0,0.0,0.0,0.0,0.0
visualizing_livestock,0,512,auto,0,0.0,0.0,0.0,0.0,0.0,0.0,0.0,0.0,0.0,0.0
visualizing_livestock,0,100,auto,0,0.0,0.0,0.0,0.0,0.0,0.0,0.0,0.0,0.0,0.0
visualizing_livestock,0,100,0.05,0,0.0,0.0,0.0,0.0,0.0,0.0,0.0,0.0,0.0,0.0
visualizing_livestock,0,100,0.1,0,0.0,0.0,0.0,0.0,0.0,0.0,0.0,0.0,0.0,0.0
visualizing_livestock,0,100,0.2,0,0.0,0.0,0.0,0.0,0.0,0.0,0.0,0.0,0.0,0.0
visualizing_livestock,0,100,0.5,0,0.0,0.0,0.0,0.0,0.0,0.0,0.0,0.0,0.0,0.0
visualizing_livestock,0,100,1,0,0.0,0.0,0.0,0.0,0.0,0.0,0.0,0.0,0.0,0.0
