,Filename,ContaminationFraction,NumLearners,NumObservationsPerLearner,Parameter_Iteration,F1_Median,F1_Range,ARI_Median
0,CastMetal1,0,100,auto,0,0.0,0.0,1.0
1,CastMetal1,0.05,100,auto,0,0.13466424682395642,0.0,0.8917182913540992
2,CastMetal1,0.1,100,auto,0,0.2456576576576576,0.041554236373448544,0.9271307206034534
3,CastMetal1,0.15,100,auto,0,0.2769230769230769,0.04000000000000006,0.8805710037063981
4,CastMetal1,0.2,100,auto,0,0.2640451419502733,0.004694835680751218,0.8339799298856007
5,CastMetal1,0.25,100,auto,0,0.27162704810548893,0.0256717307119453,0.8517330894773755
6,CastMetal1,LOF,100,auto,0,0.13253968253968249,0.09090909090909077,0.8696662958093433
7,CastMetal1,IF,100,auto,0,0.2426666666666666,0.0400000000000001,0.9276659009143045
8,CastMetal1,0,1,auto,0,0.0,0.0,1.0
9,CastMetal1,0,2,auto,0,0.0,0.0,1.0
10,CastMetal1,0,4,auto,0,0.0,0.0,1.0
11,CastMetal1,0,8,auto,0,0.0,0.0,1.0
12,CastMetal1,0,16,auto,0,0.0,0.0,1.0
13,CastMetal1,0,32,auto,0,0.0,0.0,1.0
14,CastMetal1,0,64,auto,0,0.0,0.0,1.0
15,CastMetal1,0,128,auto,0,0.0,0.0,1.0
16,CastMetal1,0,256,auto,0,0.0,0.0,1.0
17,CastMetal1,0,512,auto,0,0.0,0.0,1.0
18,CastMetal1,0,100,0.05,0,0.0,0.0,1.0
19,CastMetal1,0,100,0.1,0,0.0,0.0,1.0
20,CastMetal1,0,100,0.2,0,0.0,0.0,1.0
21,CastMetal1,0,100,0.5,0,0.0,0.0,1.0
22,CastMetal1,0,100,1,0,0.0,0.0,1.0
23,CostaMadre1,0,100,auto,0,0.0,0.0,1.0
24,CostaMadre1,0.05,100,auto,0,0.15094339622641506,0.1875,0.8486608868205843
25,CostaMadre1,0.1,100,auto,0,0.25917471466198416,0.03808908973531316,0.8796072841817387
26,CostaMadre1,0.15,100,auto,0,0.2686239084613069,0.0,0.8823111440882228
27,CostaMadre1,0.2,100,auto,0,0.2721649484536083,0.0370370370370372,0.8396342328714624
28,CostaMadre1,0.25,100,auto,0,0.2696428571428571,0.0,0.865438514307492
29,CostaMadre1,LOF,100,auto,0,0.11372549019607843,0.0,0.8899109525455625
30,CostaMadre1,IF,100,auto,0,0.26990622335890874,0.04000000000000008,0.8785128480574999
31,CostaMadre1,0,1,auto,0,0.0,0.0,1.0
32,CostaMadre1,0,2,auto,0,0.0,0.0,1.0
33,CostaMadre1,0,4,auto,0,0.0,0.0,1.0
34,CostaMadre1,0,8,auto,0,0.0,0.0,1.0
35,CostaMadre1,0,16,auto,0,0.0,0.0,1.0
36,CostaMadre1,0,32,auto,0,0.0,0.0,1.0
37,CostaMadre1,0,64,auto,0,0.0,0.0,1.0
38,CostaMadre1,0,128,auto,0,0.0,0.0,1.0
39,CostaMadre1,0,256,auto,0,0.0,0.0,1.0
40,CostaMadre1,0,512,auto,0,0.0,0.0,1.0
41,CostaMadre1,0,100,0.05,0,0.0,0.0,1.0
42,CostaMadre1,0,100,0.1,0,0.0,0.0,1.0
43,CostaMadre1,0,100,0.2,0,0.0,0.0,1.0
44,CostaMadre1,0,100,0.5,0,0.0,0.0,1.0
45,CostaMadre1,0,100,1,0,0.0,0.0,1.0
46,KnuggetChase3,0,100,auto,0,0.0,0.0,1.0
47,KnuggetChase3,0.05,100,auto,0,0.15217391304347824,0.14285714285714315,0.8899037937343158
48,KnuggetChase3,0.1,100,auto,0,0.28727272727272724,0.0,0.9131087734925776
49,KnuggetChase3,0.15,100,auto,0,0.37538461538461537,0.03030303030303027,0.8914210783021898
50,KnuggetChase3,0.2,100,auto,0,0.38187387387387384,0.026086956521739157,0.835462819642516
51,KnuggetChase3,0.25,100,auto,0,0.3933161216293747,0.028800583302953025,0.8260278381923217
52,KnuggetChase3,LOF,100,auto,0,0.2964285714285714,0.058823529411764684,0.8852616040469584
53,KnuggetChase3,IF,100,auto,0,0.32542372881355935,0.05263157894736836,0.9372260068374406
54,KnuggetChase3,0,1,auto,0,0.0,0.0,1.0
55,KnuggetChase3,0,2,auto,0,0.0,0.0,1.0
56,KnuggetChase3,0,4,auto,0,0.0,0.0,1.0
57,KnuggetChase3,0,8,auto,0,0.0,0.0,1.0
58,KnuggetChase3,0,16,auto,0,0.0,0.0,1.0
59,KnuggetChase3,0,32,auto,0,0.0,0.0,1.0
60,KnuggetChase3,0,64,auto,0,0.0,0.0,1.0
61,KnuggetChase3,0,128,auto,0,0.0,0.0,1.0
62,KnuggetChase3,0,256,auto,0,0.0,0.0,1.0
63,KnuggetChase3,0,512,auto,0,0.0,0.0,1.0
64,KnuggetChase3,0,100,0.05,0,0.0,0.0,1.0
65,KnuggetChase3,0,100,0.1,0,0.0,0.0,1.0
66,KnuggetChase3,0,100,0.2,0,0.0,0.0,1.0
67,KnuggetChase3,0,100,0.5,0,0.0,0.0,1.0
68,KnuggetChase3,0,100,1,0,0.0,0.0,1.0
69,KungChi3,0,100,auto,0,0.0,0.0,1.0
70,KungChi3,0.05,100,auto,0,0.27272727272727265,0.0,1.0
71,KungChi3,0.1,100,auto,0,0.3285714285714285,0.11111111111111108,0.8999369406677782
72,KungChi3,0.15,100,auto,0,0.43654188948306594,0.06666666666666655,0.8856943398600965
73,KungChi3,0.2,100,auto,0,0.3853658536585365,0.04918032786885236,0.7868265609034037
74,KungChi3,0.25,100,auto,0,0.38806660499537465,0.008086253369272165,0.8297883053281219
75,KungChi3,LOF,100,auto,0,0.27692307692307694,0.14285714285714302,0.877291134658707
76,KungChi3,IF,100,auto,0,0.4262096774193548,0.0,0.9175132800251782
77,KungChi3,0,1,auto,0,0.0,0.0,1.0
78,KungChi3,0,2,auto,0,0.0,0.0,1.0
79,KungChi3,0,4,auto,0,0.0,0.0,1.0
80,KungChi3,0,8,auto,0,0.0,0.0,1.0
81,KungChi3,0,16,auto,0,0.0,0.0,1.0
82,KungChi3,0,32,auto,0,0.0,0.0,1.0
83,KungChi3,0,64,auto,0,0.0,0.0,1.0
84,KungChi3,0,128,auto,0,0.0,0.0,1.0
85,KungChi3,0,256,auto,0,0.0,0.0,1.0
86,KungChi3,0,512,auto,0,0.0,0.0,1.0
87,KungChi3,0,100,0.05,0,0.0,0.0,1.0
88,KungChi3,0,100,0.1,0,0.0,0.0,1.0
89,KungChi3,0,100,0.2,0,0.0,0.0,1.0
90,KungChi3,0,100,0.5,0,0.0,0.0,1.0
91,KungChi3,0,100,1,0,0.0,0.0,1.0
92,MeanWhile1,0,100,auto,0,0.0,0.0,1.0
93,MeanWhile1,0.05,100,auto,0,0.11000000000000001,0.0,0.9208265436953104
94,MeanWhile1,0.1,100,auto,0,0.24230769230769225,0.07692307692307705,0.8522665261978387
95,MeanWhile1,0.15,100,auto,0,0.2587980769230769,0.05882352941176472,0.8936974723924039
96,MeanWhile1,0.2,100,auto,0,0.2948717948717948,0.10869565217391296,0.8247229425880492
97,MeanWhile1,0.25,100,auto,0,0.2933333333333333,0.037037037037037195,0.8546717120978724
98,MeanWhile1,LOF,100,auto,0,0.10810810810810809,0.0,0.9577585208438841
99,MeanWhile1,IF,100,auto,0,0.23514328808446452,0.05882352941176479,0.8298217558255225
100,MeanWhile1,0,1,auto,0,0.0,0.0,1.0
101,MeanWhile1,0,2,auto,0,0.0,0.0,1.0
102,MeanWhile1,0,4,auto,0,0.0,0.0,1.0
103,MeanWhile1,0,8,auto,0,0.0,0.0,1.0
104,MeanWhile1,0,16,auto,0,0.0,0.0,1.0
105,MeanWhile1,0,32,auto,0,0.0,0.0,1.0
106,MeanWhile1,0,64,auto,0,0.0,0.0,1.0
107,MeanWhile1,0,128,auto,0,0.0,0.0,1.0
108,MeanWhile1,0,256,auto,0,0.0,0.0,1.0
109,MeanWhile1,0,512,auto,0,0.0,0.0,1.0
110,MeanWhile1,0,100,0.05,0,0.0,0.0,1.0
111,MeanWhile1,0,100,0.1,0,0.0,0.0,1.0
112,MeanWhile1,0,100,0.2,0,0.0,0.0,1.0
113,MeanWhile1,0,100,0.5,0,0.0,0.0,1.0
114,MeanWhile1,0,100,1,0,0.0,0.0,1.0
115,MegaWatt1,0,100,auto,0,0.0,0.0,1.0
116,MegaWatt1,0.05,100,auto,0,0.125,0.19999999999999996,0.9072072564869352
117,MegaWatt1,0.1,100,auto,0,0.24999999999999994,0.07692307692307705,0.8695522636524847
118,MegaWatt1,0.15,100,auto,0,0.2492307692307692,0.0,0.8678651066556611
119,MegaWatt1,0.2,100,auto,0,0.2879120879120879,0.006451612903225686,0.811108038896103
120,MegaWatt1,0.25,100,auto,0,0.29555555555555546,0.0,0.8674604349598797
121,MegaWatt1,LOF,100,auto,0,0.10810810810810809,0.0,0.9577585208438842
122,MegaWatt1,IF,100,auto,0,0.25087351502445837,0.05688202247191016,0.8600289363994397
123,MegaWatt1,0,1,auto,0,0.0,0.0,1.0
124,MegaWatt1,0,2,auto,0,0.0,0.0,1.0
125,MegaWatt1,0,4,auto,0,0.0,0.0,1.0
126,MegaWatt1,0,8,auto,0,0.0,0.0,1.0
127,MegaWatt1,0,16,auto,0,0.0,0.0,1.0
128,MegaWatt1,0,32,auto,0,0.0,0.0,1.0
129,MegaWatt1,0,64,auto,0,0.0,0.0,1.0
130,MegaWatt1,0,128,auto,0,0.0,0.0,1.0
131,MegaWatt1,0,256,auto,0,0.0,0.0,1.0
132,MegaWatt1,0,512,auto,0,0.0,0.0,1.0
133,MegaWatt1,0,100,0.05,0,0.0,0.0,1.0
134,MegaWatt1,0,100,0.1,0,0.0,0.0,1.0
135,MegaWatt1,0,100,0.2,0,0.0,0.0,1.0
136,MegaWatt1,0,100,0.5,0,0.0,0.0,1.0
137,MegaWatt1,0,100,1,0,0.0,0.0,1.0
138,PieChart1,0,100,auto,0,0.0,0.0,1.0
139,PieChart1,0.05,100,auto,0,0.2359042553191489,0.043478260869565355,0.9491456294655264
140,PieChart1,0.1,100,auto,0,0.2870229007633588,0.027027027027027178,0.9077704652192641
141,PieChart1,0.15,100,auto,0,0.2790419161676646,0.021276595744681024,0.9098783487666807
142,PieChart1,0.2,100,auto,0,0.2499938426678488,0.015990159901598976,0.89216105107283
143,PieChart1,0.25,100,auto,0,0.2388185654008438,0.013215859030836902,0.8311712915217588
144,PieChart1,LOF,100,auto,0,0.12454080096356515,0.004608294930875338,0.9104508230689567
145,PieChart1,IF,100,auto,0,0.28617511520737327,0.0,0.9278502731043934
146,PieChart1,0,1,auto,0,0.0,0.0,1.0
147,PieChart1,0,2,auto,0,0.0,0.0,1.0
148,PieChart1,0,4,auto,0,0.0,0.0,1.0
149,PieChart1,0,8,auto,0,0.0,0.0,1.0
150,PieChart1,0,16,auto,0,0.0,0.0,1.0
151,PieChart1,0,32,auto,0,0.0,0.0,1.0
152,PieChart1,0,64,auto,0,0.0,0.0,1.0
153,PieChart1,0,128,auto,0,0.0,0.0,1.0
154,PieChart1,0,256,auto,0,0.0,0.0,1.0
155,PieChart1,0,512,auto,0,0.0,0.0,1.0
156,PieChart1,0,100,0.05,0,0.0,0.0,1.0
157,PieChart1,0,100,0.1,0,0.0,0.0,1.0
158,PieChart1,0,100,0.2,0,0.0,0.0,1.0
159,PieChart1,0,100,0.5,0,0.0,0.0,1.0
160,PieChart1,0,100,1,0,0.0,0.0,1.0
161,PieChart2,0,100,auto,0,0.0,0.0,1.0
162,PieChart2,0.05,100,auto,0,0.0833817126269956,0.007159904534606311,0.8923878948563589
163,PieChart2,0.1,100,auto,0,0.12012484394506864,0.09090909090909083,0.893061548941382
164,PieChart2,0.15,100,auto,0,0.1219734251968504,0.06959706959706949,0.8857675528318688
165,PieChart2,0.2,100,auto,0,0.1105715693520571,0.00228136882129305,0.8900311033580001
166,PieChart2,0.25,100,auto,0,0.099009900990099,0.0,0.8410437526344321
167,PieChart2,LOF,100,auto,0,0.08816326530612237,0.007594936708861201,0.8849903024549669
168,PieChart2,IF,100,auto,0,0.10014809329877819,0.14285714285714332,0.915675657549841
169,PieChart2,0,1,auto,0,0.0,0.0,1.0
170,PieChart2,0,2,auto,0,0.0,0.0,1.0
171,PieChart2,0,4,auto,0,0.0,0.0,1.0
172,PieChart2,0,8,auto,0,0.0,0.0,1.0
173,PieChart2,0,16,auto,0,0.0,0.0,1.0
174,PieChart2,0,32,auto,0,0.0,0.0,1.0
175,PieChart2,0,64,auto,0,0.0,0.0,1.0
176,PieChart2,0,128,auto,0,0.0,0.0,1.0
177,PieChart2,0,256,auto,0,0.0,0.0,1.0
178,PieChart2,0,512,auto,0,0.0,0.0,1.0
179,PieChart2,0,100,0.05,0,0.0,0.0,1.0
180,PieChart2,0,100,0.1,0,0.0,0.0,1.0
181,PieChart2,0,100,0.2,0,0.0,0.0,1.0
182,PieChart2,0,100,0.5,0,0.0,0.0,1.0
183,PieChart2,0,100,1,0,0.0,0.0,1.0
184,PieChart3,0,100,auto,0,0.0,0.0,1.0
185,PieChart3,0.05,100,auto,0,0.10748663101604276,0.04761904761904794,0.9249672970235311
186,PieChart3,0.1,100,auto,0,0.20952367888618356,0.03896425900136779,0.9139460953709317
187,PieChart3,0.15,100,auto,0,0.27171781951442964,0.046728971962616814,0.8976666745508036
188,PieChart3,0.2,100,auto,0,0.30655727546399547,0.03286384976525815,0.8702444654341724
189,PieChart3,0.25,100,auto,0,0.32877916562494236,0.015770550743585507,0.8415424662903956
190,PieChart3,LOF,100,auto,0,0.0131578947368421,0.0,0.9365466722027762
191,PieChart3,IF,100,auto,0,0.18254331864904544,0.02439024390243915,0.9218505543395423
192,PieChart3,0,1,auto,0,0.0,0.0,1.0
193,PieChart3,0,2,auto,0,0.0,0.0,1.0
194,PieChart3,0,4,auto,0,0.0,0.0,1.0
195,PieChart3,0,8,auto,0,0.0,0.0,1.0
196,PieChart3,0,16,auto,0,0.0,0.0,1.0
197,PieChart3,0,32,auto,0,0.0,0.0,1.0
198,PieChart3,0,64,auto,0,0.0,0.0,1.0
199,PieChart3,0,128,auto,0,0.0,0.0,1.0
200,PieChart3,0,256,auto,0,0.0,0.0,1.0
201,PieChart3,0,512,auto,0,0.0,0.0,1.0
202,PieChart3,0,100,0.05,0,0.0,0.0,1.0
203,PieChart3,0,100,0.1,0,0.0,0.0,1.0
204,PieChart3,0,100,0.2,0,0.0,0.0,1.0
205,PieChart3,0,100,0.5,0,0.0,0.0,1.0
206,PieChart3,0,100,1,0,0.0,0.0,1.0
207,PizzaCutter1,0,100,auto,0,0.0,0.0,1.0
208,PizzaCutter1,0.05,100,auto,0,0.23554621848739493,0.0,0.8861733164112291
209,PizzaCutter1,0.1,100,auto,0,0.29007677821237143,0.0031948881789137787,0.8995329375420563
210,PizzaCutter1,0.15,100,auto,0,0.2597792494481236,0.025641025641025664,0.8859038591441931
211,PizzaCutter1,0.2,100,auto,0,0.2381682109764789,0.022573578436041512,0.8904577644430969
212,PizzaCutter1,0.25,100,auto,0,0.2237595825851164,0.029358463211308475,0.8202301607173906
213,PizzaCutter1,LOF,100,auto,0,0.0625,0.0,0.8948652827094374
214,PizzaCutter1,IF,100,auto,0,0.28372234935164,0.030303030303030134,0.9039811498679795
215,PizzaCutter1,0,1,auto,0,0.0,0.0,1.0
216,PizzaCutter1,0,2,auto,0,0.0,0.0,1.0
217,PizzaCutter1,0,4,auto,0,0.0,0.0,1.0
218,PizzaCutter1,0,8,auto,0,0.0,0.0,1.0
219,PizzaCutter1,0,16,auto,0,0.0,0.0,1.0
220,PizzaCutter1,0,32,auto,0,0.0,0.0,1.0
221,PizzaCutter1,0,64,auto,0,0.0,0.0,1.0
222,PizzaCutter1,0,128,auto,0,0.0,0.0,1.0
223,PizzaCutter1,0,256,auto,0,0.0,0.0,1.0
224,PizzaCutter1,0,512,auto,0,0.0,0.0,1.0
225,PizzaCutter1,0,100,0.05,0,0.0,0.0,1.0
226,PizzaCutter1,0,100,0.1,0,0.0,0.0,1.0
227,PizzaCutter1,0,100,0.2,0,0.0,0.0,1.0
228,PizzaCutter1,0,100,0.5,0,0.0,0.0,1.0
229,PizzaCutter1,0,100,1,0,0.0,0.0,1.0
230,PizzaCutter3,0,100,auto,0,0.0,0.0,1.0
231,PizzaCutter3,0.05,100,auto,0,0.10949720670391061,0.03896103896103898,0.9162537082432666
232,PizzaCutter3,0.1,100,auto,0,0.20624129493694712,0.03664921465968584,0.9021275987979346
233,PizzaCutter3,0.15,100,auto,0,0.26731824674836474,0.03955763504891538,0.8982327318656104
234,PizzaCutter3,0.2,100,auto,0,0.3064889836531627,0.02663993538337278,0.8627425568926155
235,PizzaCutter3,0.25,100,auto,0,0.3190432623646537,0.02503501125080644,0.8348866646292288
236,PizzaCutter3,LOF,100,auto,0,0.014194528875379869,0.0,0.8862118496716964
237,PizzaCutter3,IF,100,auto,0,0.18615242859023295,0.02681118083285794,0.9114362717405068
238,PizzaCutter3,0,1,auto,0,0.0,0.0,1.0
239,PizzaCutter3,0,2,auto,0,0.0,0.0,1.0
240,PizzaCutter3,0,4,auto,0,0.0,0.0,1.0
241,PizzaCutter3,0,8,auto,0,0.0,0.0,1.0
242,PizzaCutter3,0,16,auto,0,0.0,0.0,1.0
243,PizzaCutter3,0,32,auto,0,0.0,0.0,1.0
244,PizzaCutter3,0,64,auto,0,0.0,0.0,1.0
245,PizzaCutter3,0,128,auto,0,0.0,0.0,1.0
246,PizzaCutter3,0,256,auto,0,0.0,0.0,1.0
247,PizzaCutter3,0,512,auto,0,0.0,0.0,1.0
248,PizzaCutter3,0,100,0.05,0,0.0,0.0,1.0
249,PizzaCutter3,0,100,0.1,0,0.0,0.0,1.0
250,PizzaCutter3,0,100,0.2,0,0.0,0.0,1.0
251,PizzaCutter3,0,100,0.5,0,0.0,0.0,1.0
252,PizzaCutter3,0,100,1,0,0.0,0.0,1.0
253,analcatdata_apnea1,0,100,auto,0,0.0,0.0,1.0
254,analcatdata_apnea1,0.05,100,auto,0,0.10886178861788616,0.12445779112445784,0.6317631731419531
255,analcatdata_apnea1,0.1,100,auto,0,0.15756317064728273,0.058823529411764636,0.8457070736912097
256,analcatdata_apnea1,0.15,100,auto,0,0.19271339347675226,0.06885828520657492,0.7202721675079066
257,analcatdata_apnea1,0.2,100,auto,0,0.21531350370060043,0.0843265088832819,0.72233861069608
258,analcatdata_apnea1,0.25,100,auto,0,0.23014023636064235,0.049744547457813905,0.72149966461088
259,analcatdata_apnea1,LOF,100,auto,0,0.0,0.0,1.0
260,analcatdata_apnea1,IF,100,auto,0,0.1013956507627393,0.18880000000000022,0.627037627246595
261,analcatdata_apnea1,0,1,auto,0,0.0,0.0,1.0
262,analcatdata_apnea1,0,2,auto,0,0.0,0.0,1.0
263,analcatdata_apnea1,0,4,auto,0,0.0,0.0,1.0
264,analcatdata_apnea1,0,8,auto,0,0.0,0.0,1.0
265,analcatdata_apnea1,0,16,auto,0,0.0,0.0,1.0
266,analcatdata_apnea1,0,32,auto,0,0.0,0.0,1.0
267,analcatdata_apnea1,0,64,auto,0,0.0,0.0,1.0
268,analcatdata_apnea1,0,128,auto,0,0.0,0.0,1.0
269,analcatdata_apnea1,0,256,auto,0,0.0,0.0,1.0
270,analcatdata_apnea1,0,512,auto,0,0.0,0.0,1.0
271,analcatdata_apnea1,0,100,0.05,0,0.0,0.0,1.0
272,analcatdata_apnea1,0,100,0.1,0,0.0,0.0,1.0
273,analcatdata_apnea1,0,100,0.2,0,0.0,0.0,1.0
274,analcatdata_apnea1,0,100,0.5,0,0.0,0.0,1.0
275,analcatdata_apnea1,0,100,1,0,0.0,0.0,1.0
276,analcatdata_apnea2,0,100,auto,0,0.0,0.0,1.0
277,analcatdata_apnea2,0.05,100,auto,0,0.10256251366916962,0.10824742268041242,0.6234760718425164
278,analcatdata_apnea2,0.1,100,auto,0,0.15688779688779683,0.05882352941176468,0.8320837338855068
279,analcatdata_apnea2,0.15,100,auto,0,0.1919886781630693,0.07254371357202354,0.7216563517410778
280,analcatdata_apnea2,0.2,100,auto,0,0.18568052870146548,0.0055373760354393885,0.7283200043451423
281,analcatdata_apnea2,0.25,100,auto,0,0.21708216472561043,0.06598947348301479,0.6970714680182942
282,analcatdata_apnea2,LOF,100,auto,0,0.0,0.0,1.0
283,analcatdata_apnea2,IF,100,auto,0,0.09051490514905146,0.3793103448275865,0.5821732421513388
284,analcatdata_apnea2,0,1,auto,0,0.0,0.0,1.0
285,analcatdata_apnea2,0,2,auto,0,0.0,0.0,1.0
286,analcatdata_apnea2,0,4,auto,0,0.0,0.0,1.0
287,analcatdata_apnea2,0,8,auto,0,0.0,0.0,1.0
288,analcatdata_apnea2,0,16,auto,0,0.0,0.0,1.0
289,analcatdata_apnea2,0,32,auto,0,0.0,0.0,1.0
290,analcatdata_apnea2,0,64,auto,0,0.0,0.0,1.0
291,analcatdata_apnea2,0,128,auto,0,0.0,0.0,1.0
292,analcatdata_apnea2,0,256,auto,0,0.0,0.0,1.0
293,analcatdata_apnea2,0,512,auto,0,0.0,0.0,1.0
294,analcatdata_apnea2,0,100,0.05,0,0.0,0.0,1.0
295,analcatdata_apnea2,0,100,0.1,0,0.0,0.0,1.0
296,analcatdata_apnea2,0,100,0.2,0,0.0,0.0,1.0
297,analcatdata_apnea2,0,100,0.5,0,0.0,0.0,1.0
298,analcatdata_apnea2,0,100,1,0,0.0,0.0,1.0
299,analcatdata_apnea3,0,100,auto,0,0.0,0.0,1.0
300,analcatdata_apnea3,0.05,100,auto,0,0.08858509911141489,0.142857142857143,0.5918438341858845
301,analcatdata_apnea3,0.1,100,auto,0,0.14630303030303024,0.12280701754386003,0.8673164775497512
302,analcatdata_apnea3,0.15,100,auto,0,0.19569983798966,0.0332571718710334,0.7415386712756359
303,analcatdata_apnea3,0.2,100,auto,0,0.21108840393323147,0.062227998426116864,0.7054395813939718
304,analcatdata_apnea3,0.25,100,auto,0,0.20515835798282947,0.028571428571428803,0.736849593316864
305,analcatdata_apnea3,LOF,100,auto,0,0.0,0.0,1.0
306,analcatdata_apnea3,IF,100,auto,0,0.05298507462686565,0.22654462242562945,0.6546564896836864
307,analcatdata_apnea3,0,1,auto,0,0.0,0.0,1.0
308,analcatdata_apnea3,0,2,auto,0,0.0,0.0,1.0
309,analcatdata_apnea3,0,4,auto,0,0.0,0.0,1.0
310,analcatdata_apnea3,0,8,auto,0,0.0,0.0,1.0
311,analcatdata_apnea3,0,16,auto,0,0.0,0.0,1.0
312,analcatdata_apnea3,0,32,auto,0,0.0,0.0,1.0
313,analcatdata_apnea3,0,64,auto,0,0.0,0.0,1.0
314,analcatdata_apnea3,0,128,auto,0,0.0,0.0,1.0
315,analcatdata_apnea3,0,256,auto,0,0.0,0.0,1.0
316,analcatdata_apnea3,0,512,auto,0,0.0,0.0,1.0
317,analcatdata_apnea3,0,100,0.05,0,0.0,0.0,1.0
318,analcatdata_apnea3,0,100,0.1,0,0.0,0.0,1.0
319,analcatdata_apnea3,0,100,0.2,0,0.0,0.0,1.0
320,analcatdata_apnea3,0,100,0.5,0,0.0,0.0,1.0
321,analcatdata_apnea3,0,100,1,0,0.0,0.0,1.0
322,analcatdata_challenger,0,100,auto,0,0.0,0.0,1.0
323,analcatdata_challenger,0.05,100,auto,0,0.2666666666666666,0.0,1.0
324,analcatdata_challenger,0.1,100,auto,0,0.1980952380952381,0.0,0.6582215652293094
325,analcatdata_challenger,0.15,100,auto,0,0.1481481481481481,0.0,0.6692354921766686
326,analcatdata_challenger,0.2,100,auto,0,0.12121212121212119,0.0,0.8530950533994656
327,analcatdata_challenger,0.25,100,auto,0,0.10442890442890437,0.0,0.7414238426441568
328,analcatdata_challenger,LOF,100,auto,0,0.1481481481481481,0.0,0.6308303243597361
329,analcatdata_challenger,IF,100,auto,0,0.13457172342621254,0.0,0.8047118367245862
330,analcatdata_challenger,0,1,auto,0,0.0,0.0,1.0
331,analcatdata_challenger,0,2,auto,0,0.0,0.0,1.0
332,analcatdata_challenger,0,4,auto,0,0.0,0.0,1.0
333,analcatdata_challenger,0,8,auto,0,0.0,0.0,1.0
334,analcatdata_challenger,0,16,auto,0,0.0,0.0,1.0
335,analcatdata_challenger,0,32,auto,0,0.0,0.0,1.0
336,analcatdata_challenger,0,64,auto,0,0.0,0.0,1.0
337,analcatdata_challenger,0,128,auto,0,0.0,0.0,1.0
338,analcatdata_challenger,0,256,auto,0,0.0,0.0,1.0
339,analcatdata_challenger,0,512,auto,0,0.0,0.0,1.0
340,analcatdata_challenger,0,100,0.05,0,0.0,0.0,1.0
341,analcatdata_challenger,0,100,0.1,0,0.0,0.0,1.0
342,analcatdata_challenger,0,100,0.2,0,0.0,0.0,1.0
343,analcatdata_challenger,0,100,0.5,0,0.0,0.0,1.0
344,analcatdata_challenger,0,100,1,0,0.0,0.0,1.0
345,analcatdata_chlamydia,0,100,auto,0,0.0,0.0,1.0
346,analcatdata_chlamydia,0.05,100,auto,0,0.0,0.0,0.5819514066558608
347,analcatdata_chlamydia,0.1,100,auto,0,0.013793103448275858,0.0,0.7649108367626885
348,analcatdata_chlamydia,0.15,100,auto,0,0.03529411764705882,1.0,0.6574740220569564
349,analcatdata_chlamydia,0.2,100,auto,0,0.036302294197031,1.0,0.6801151204336588
350,analcatdata_chlamydia,0.25,100,auto,0,0.11004731702406116,0.19999999999999984,0.7618748059548297
351,analcatdata_chlamydia,LOF,100,auto,0,0.0,0.0,1.0
352,analcatdata_chlamydia,IF,100,auto,0,0.0,0.0,0.08170594837261505
353,analcatdata_chlamydia,0,1,auto,0,0.0,0.0,1.0
354,analcatdata_chlamydia,0,2,auto,0,0.0,0.0,1.0
355,analcatdata_chlamydia,0,4,auto,0,0.0,0.0,1.0
356,analcatdata_chlamydia,0,8,auto,0,0.0,0.0,1.0
357,analcatdata_chlamydia,0,16,auto,0,0.0,0.0,1.0
358,analcatdata_chlamydia,0,32,auto,0,0.0,0.0,1.0
359,analcatdata_chlamydia,0,64,auto,0,0.0,0.0,1.0
360,analcatdata_chlamydia,0,128,auto,0,0.0,0.0,1.0
361,analcatdata_chlamydia,0,256,auto,0,0.0,0.0,1.0
362,analcatdata_chlamydia,0,512,auto,0,0.0,0.0,1.0
363,analcatdata_chlamydia,0,100,0.05,0,0.0,0.0,1.0
364,analcatdata_chlamydia,0,100,0.1,0,0.0,0.0,1.0
365,analcatdata_chlamydia,0,100,0.2,0,0.0,0.0,1.0
366,analcatdata_chlamydia,0,100,0.5,0,0.0,0.0,1.0
367,analcatdata_chlamydia,0,100,1,0,0.0,0.0,1.0
368,analcatdata_lawsuit,0,100,auto,0,0.0,0.0,1.0
369,analcatdata_lawsuit,0.05,100,auto,0,0.2508064516129032,0.0,0.8725952147697283
370,analcatdata_lawsuit,0.1,100,auto,0,0.30292929292929294,0.08531831961888275,0.7838955753328608
371,analcatdata_lawsuit,0.15,100,auto,0,0.2813559322033897,0.05882352941176456,0.8497274144166131
372,analcatdata_lawsuit,0.2,100,auto,0,0.28963223787167447,0.04761904761904784,0.8211616394478115
373,analcatdata_lawsuit,0.25,100,auto,0,0.2809803921568627,0.0059171597633135885,0.8446539404566125
374,analcatdata_lawsuit,LOF,100,auto,0,0.26537634408602156,0.08918406072106252,0.8263486330213569
375,analcatdata_lawsuit,IF,100,auto,0,0.25120883304778224,0.0,0.8934949157433761
376,analcatdata_lawsuit,0,1,auto,0,0.0,0.0,1.0
377,analcatdata_lawsuit,0,2,auto,0,0.0,0.0,1.0
378,analcatdata_lawsuit,0,4,auto,0,0.0,0.0,1.0
379,analcatdata_lawsuit,0,8,auto,0,0.0,0.0,1.0
380,analcatdata_lawsuit,0,16,auto,0,0.0,0.0,1.0
381,analcatdata_lawsuit,0,32,auto,0,0.0,0.0,1.0
382,analcatdata_lawsuit,0,64,auto,0,0.0,0.0,1.0
383,analcatdata_lawsuit,0,128,auto,0,0.0,0.0,1.0
384,analcatdata_lawsuit,0,256,auto,0,0.0,0.0,1.0
385,analcatdata_lawsuit,0,512,auto,0,0.0,0.0,1.0
386,analcatdata_lawsuit,0,100,0.05,0,0.0,0.0,1.0
387,analcatdata_lawsuit,0,100,0.1,0,0.0,0.0,1.0
388,analcatdata_lawsuit,0,100,0.2,0,0.0,0.0,1.0
389,analcatdata_lawsuit,0,100,0.5,0,0.0,0.0,1.0
390,analcatdata_lawsuit,0,100,1,0,0.0,0.0,1.0
391,analcatdata_neavote,0,100,auto,0,0.0,0.0,1.0
392,analcatdata_neavote,0.05,100,auto,0,0.0,0.0,0.8326421640693916
393,analcatdata_neavote,0.1,100,auto,0,0.04705882352941176,1.0,0.715595698557894
394,analcatdata_neavote,0.15,100,auto,0,0.10220779220779219,0.27927927927927926,0.8044172303156185
395,analcatdata_neavote,0.2,100,auto,0,0.1487179487179487,0.0,0.8893501509658969
396,analcatdata_neavote,0.25,100,auto,0,0.1254032258064516,0.0,0.9192128877061692
397,analcatdata_neavote,LOF,100,auto,0,0.0,0.0,1.0
398,analcatdata_neavote,IF,100,auto,0,0.09824236817761331,0.15981735159817348,0.7582568770562004
399,analcatdata_neavote,0,1,auto,0,0.0,0.0,1.0
400,analcatdata_neavote,0,2,auto,0,0.0,0.0,1.0
401,analcatdata_neavote,0,4,auto,0,0.0,0.0,1.0
402,analcatdata_neavote,0,8,auto,0,0.0,0.0,1.0
403,analcatdata_neavote,0,16,auto,0,0.0,0.0,1.0
404,analcatdata_neavote,0,32,auto,0,0.0,0.0,1.0
405,analcatdata_neavote,0,64,auto,0,0.0,0.0,1.0
406,analcatdata_neavote,0,128,auto,0,0.0,0.0,1.0
407,analcatdata_neavote,0,256,auto,0,0.0,0.0,1.0
408,analcatdata_neavote,0,512,auto,0,0.0,0.0,1.0
409,analcatdata_neavote,0,100,0.05,0,0.0,0.0,1.0
410,analcatdata_neavote,0,100,0.1,0,0.0,0.0,1.0
411,analcatdata_neavote,0,100,0.2,0,0.0,0.0,1.0
412,analcatdata_neavote,0,100,0.5,0,0.0,0.0,1.0
413,analcatdata_neavote,0,100,1,0,0.0,0.0,1.0
414,annthyroid,0,100,auto,0,0.0,0.0,1.0
415,annthyroid,0.05,100,auto,0,0.31337179263665205,0.04164545056998905,0.8928869386726308
416,annthyroid,0.1,100,auto,0,0.3443319547550524,0.014322914758001029,0.8772759297981422
417,annthyroid,0.15,100,auto,0,0.34900438157058045,0.017801754856266058,0.8711934671317196
418,annthyroid,0.2,100,auto,0,0.33192396456755635,0.023911017920461814,0.8589453484592271
419,annthyroid,0.25,100,auto,0,0.3209023124261704,0.02618455001431959,0.8456903919481085
420,annthyroid,LOF,100,auto,0,0.30009830807728777,0.01507581299049093,0.8701858060302202
421,annthyroid,IF,100,auto,0,0.33784638266957856,0.025766871165644228,0.8936760202820924
422,annthyroid,0,1,auto,0,0.0,0.0,1.0
423,annthyroid,0,2,auto,0,0.0,0.0,1.0
424,annthyroid,0,4,auto,0,0.0,0.0,1.0
425,annthyroid,0,8,auto,0,0.0,0.0,1.0
426,annthyroid,0,16,auto,0,0.0,0.0,1.0
427,annthyroid,0,32,auto,0,0.0,0.0,1.0
428,annthyroid,0,64,auto,0,0.0,0.0,1.0
429,annthyroid,0,128,auto,0,0.0,0.0,1.0
430,annthyroid,0,256,auto,0,0.0,0.0,1.0
431,annthyroid,0,512,auto,0,0.0,0.0,1.0
432,annthyroid,0,100,0.05,0,0.0,0.0,1.0
433,annthyroid,0,100,0.1,0,0.0,0.0,1.0
434,annthyroid,0,100,0.2,0,0.0,0.0,1.0
435,annthyroid,0,100,0.5,0,0.0,0.0,1.0
436,annthyroid,0,100,1,0,0.0,0.0,1.0
437,appendicitis,0,100,auto,0,0.0,0.0,1.0
438,appendicitis,0.05,100,auto,0,0.08461538461538458,0.0,0.8695239958778486
439,appendicitis,0.1,100,auto,0,0.1749999999999999,0.0,0.899671705409945
440,appendicitis,0.15,100,auto,0,0.21621621621621614,0.18750000000000008,0.817956004489338
441,appendicitis,0.2,100,auto,0,0.29999999999999993,0.058823529411764684,0.8329190441608744
442,appendicitis,0.25,100,auto,0,0.3148936170212766,0.050847457627118633,0.8079010778795574
443,appendicitis,LOF,100,auto,0,0.1749999999999999,0.0,0.932032293122186
444,appendicitis,IF,100,auto,0,0.3006342494714587,0.07404103479036585,0.8561063362448607
445,appendicitis,0,1,auto,0,0.0,0.0,1.0
446,appendicitis,0,2,auto,0,0.0,0.0,1.0
447,appendicitis,0,4,auto,0,0.0,0.0,1.0
448,appendicitis,0,8,auto,0,0.0,0.0,1.0
449,appendicitis,0,16,auto,0,0.0,0.0,1.0
450,appendicitis,0,32,auto,0,0.0,0.0,1.0
451,appendicitis,0,64,auto,0,0.0,0.0,1.0
452,appendicitis,0,128,auto,0,0.0,0.0,1.0
453,appendicitis,0,256,auto,0,0.0,0.0,1.0
454,appendicitis,0,512,auto,0,0.0,0.0,1.0
455,appendicitis,0,100,0.05,0,0.0,0.0,1.0
456,appendicitis,0,100,0.1,0,0.0,0.0,1.0
457,appendicitis,0,100,0.2,0,0.0,0.0,1.0
458,appendicitis,0,100,0.5,0,0.0,0.0,1.0
459,appendicitis,0,100,1,0,0.0,0.0,1.0
460,ar1,0,100,auto,0,0.0,0.0,1.0
461,ar1,0.05,100,auto,0,0.19999999999999996,0.3333333333333333,0.8560089412422154
462,ar1,0.1,100,auto,0,0.2857142857142857,0.0,0.8512293043635526
463,ar1,0.15,100,auto,0,0.2962962962962963,0.0,0.8478051808403917
464,ar1,0.2,100,auto,0,0.24242424242424238,0.0,0.8559455560107729
465,ar1,0.25,100,auto,0,0.20512820512820512,0.0,0.8868426741274426
466,ar1,LOF,100,auto,0,0.22222222222222224,0.0,0.8638059118231903
467,ar1,IF,100,auto,0,0.2962962962962963,0.0,0.847998341901197
468,ar1,0,1,auto,0,0.0,0.0,1.0
469,ar1,0,2,auto,0,0.0,0.0,1.0
470,ar1,0,4,auto,0,0.0,0.0,1.0
471,ar1,0,8,auto,0,0.0,0.0,1.0
472,ar1,0,16,auto,0,0.0,0.0,1.0
473,ar1,0,32,auto,0,0.0,0.0,1.0
474,ar1,0,64,auto,0,0.0,0.0,1.0
475,ar1,0,128,auto,0,0.0,0.0,1.0
476,ar1,0,256,auto,0,0.0,0.0,1.0
477,ar1,0,512,auto,0,0.0,0.0,1.0
478,ar1,0,100,0.05,0,0.0,0.0,1.0
479,ar1,0,100,0.1,0,0.0,0.0,1.0
480,ar1,0,100,0.2,0,0.0,0.0,1.0
481,ar1,0,100,0.5,0,0.0,0.0,1.0
482,ar1,0,100,1,0,0.0,0.0,1.0
483,ar3,0,100,auto,0,0.0,0.0,1.0
484,ar3,0.05,100,auto,0,0.36363636363636365,0.0,0.8257962022936643
485,ar3,0.1,100,auto,0,0.5714285714285714,0.0,1.0
486,ar3,0.15,100,auto,0,0.6154411764705883,0.022900763358778636,0.8747774462184139
487,ar3,0.2,100,auto,0,0.5714285714285714,0.0,0.909351673652518
488,ar3,0.25,100,auto,0,0.5,0.0,0.7710230393112122
489,ar3,LOF,100,auto,0,0.375,0.0,0.7504269302204406
490,ar3,IF,100,auto,0,0.6143790849673202,0.09090909090909077,0.8485055151077419
491,ar3,0,1,auto,0,0.0,0.0,1.0
492,ar3,0,2,auto,0,0.0,0.0,1.0
493,ar3,0,4,auto,0,0.0,0.0,1.0
494,ar3,0,8,auto,0,0.0,0.0,1.0
495,ar3,0,16,auto,0,0.0,0.0,1.0
496,ar3,0,32,auto,0,0.0,0.0,1.0
497,ar3,0,64,auto,0,0.0,0.0,1.0
498,ar3,0,128,auto,0,0.0,0.0,1.0
499,ar3,0,256,auto,0,0.0,0.0,1.0
500,ar3,0,512,auto,0,0.0,0.0,1.0
501,ar3,0,100,0.05,0,0.0,0.0,1.0
502,ar3,0,100,0.1,0,0.0,0.0,1.0
503,ar3,0,100,0.2,0,0.0,0.0,1.0
504,ar3,0,100,0.5,0,0.0,0.0,1.0
505,ar3,0,100,1,0,0.0,0.0,1.0
506,ar4,0,100,auto,0,0.0,0.0,1.0
507,ar4,0.05,100,auto,0,0.313,0.0,0.874451509999539
508,ar4,0.1,100,auto,0,0.49677419354838703,0.049180327868852534,0.8547242103228019
509,ar4,0.15,100,auto,0,0.538888888888889,0.03896103896103903,0.8890305279273251
510,ar4,0.2,100,auto,0,0.5219512195121953,0.047619047619047554,0.8516661326156196
511,ar4,0.25,100,auto,0,0.5372802960222016,0.03999999999999985,0.8301254422127067
512,ar4,LOF,100,auto,0,0.5210526315789473,0.03896103896103892,0.8350710576853618
513,ar4,IF,100,auto,0,0.5161290322580644,0.0,0.9375505460892783
514,ar4,0,1,auto,0,0.0,0.0,1.0
515,ar4,0,2,auto,0,0.0,0.0,1.0
516,ar4,0,4,auto,0,0.0,0.0,1.0
517,ar4,0,8,auto,0,0.0,0.0,1.0
518,ar4,0,16,auto,0,0.0,0.0,1.0
519,ar4,0,32,auto,0,0.0,0.0,1.0
520,ar4,0,64,auto,0,0.0,0.0,1.0
521,ar4,0,128,auto,0,0.0,0.0,1.0
522,ar4,0,256,auto,0,0.0,0.0,1.0
523,ar4,0,512,auto,0,0.0,0.0,1.0
524,ar4,0,100,0.05,0,0.0,0.0,1.0
525,ar4,0,100,0.1,0,0.0,0.0,1.0
526,ar4,0,100,0.2,0,0.0,0.0,1.0
527,ar4,0,100,0.5,0,0.0,0.0,1.0
528,ar4,0,100,1,0,0.0,0.0,1.0
529,ar6,0,100,auto,0,0.0,0.0,1.0
530,ar6,0.05,100,auto,0,0.29999999999999993,0.0,0.9544173960612693
531,ar6,0.1,100,auto,0,0.4,0.0,0.9498672824759781
532,ar6,0.15,100,auto,0,0.33333333333333337,0.0,0.897296213828871
533,ar6,0.2,100,auto,0,0.3371428571428571,0.06666666666666661,0.8377639003867271
534,ar6,0.25,100,auto,0,0.3758974358974359,0.06666666666666672,0.832899696470008
535,ar6,LOF,100,auto,0,0.3245283018867925,0.058823529411764774,0.7664119650420117
536,ar6,IF,100,auto,0,0.34482758620689646,0.0,0.8773757817383186
537,ar6,0,1,auto,0,0.0,0.0,1.0
538,ar6,0,2,auto,0,0.0,0.0,1.0
539,ar6,0,4,auto,0,0.0,0.0,1.0
540,ar6,0,8,auto,0,0.0,0.0,1.0
541,ar6,0,16,auto,0,0.0,0.0,1.0
542,ar6,0,32,auto,0,0.0,0.0,1.0
543,ar6,0,64,auto,0,0.0,0.0,1.0
544,ar6,0,128,auto,0,0.0,0.0,1.0
545,ar6,0,256,auto,0,0.0,0.0,1.0
546,ar6,0,512,auto,0,0.0,0.0,1.0
547,ar6,0,100,0.05,0,0.0,0.0,1.0
548,ar6,0,100,0.1,0,0.0,0.0,1.0
549,ar6,0,100,0.2,0,0.0,0.0,1.0
550,ar6,0,100,0.5,0,0.0,0.0,1.0
551,ar6,0,100,1,0,0.0,0.0,1.0
552,arsenic-female-bladder,0,100,auto,0,0.0,0.0,1.0
553,arsenic-female-bladder,0.05,100,auto,0,0.29285219799238493,0.0,0.9543084774839279
554,arsenic-female-bladder,0.1,100,auto,0,0.2560675381263616,0.02857142857142858,0.8621421354955205
555,arsenic-female-bladder,0.15,100,auto,0,0.26909525366555637,0.07729233337971346,0.7875055285623898
556,arsenic-female-bladder,0.2,100,auto,0,0.269496558076401,0.044536892881753984,0.7556695283911156
557,arsenic-female-bladder,0.25,100,auto,0,0.26707979632951356,0.06269666334455554,0.7001364159702043
558,arsenic-female-bladder,LOF,100,auto,0,0.2758620689655173,0.0,0.9139409285542361
559,arsenic-female-bladder,IF,100,auto,0,0.255039793156385,0.04845814977973579,0.7182249458674878
560,arsenic-female-bladder,0,1,auto,0,0.0,0.0,1.0
561,arsenic-female-bladder,0,2,auto,0,0.0,0.0,1.0
562,arsenic-female-bladder,0,4,auto,0,0.0,0.0,1.0
563,arsenic-female-bladder,0,8,auto,0,0.0,0.0,1.0
564,arsenic-female-bladder,0,16,auto,0,0.0,0.0,1.0
565,arsenic-female-bladder,0,32,auto,0,0.0,0.0,1.0
566,arsenic-female-bladder,0,64,auto,0,0.0,0.0,1.0
567,arsenic-female-bladder,0,128,auto,0,0.0,0.0,1.0
568,arsenic-female-bladder,0,256,auto,0,0.0,0.0,1.0
569,arsenic-female-bladder,0,512,auto,0,0.0,0.0,1.0
570,arsenic-female-bladder,0,100,0.05,0,0.0,0.0,1.0
571,arsenic-female-bladder,0,100,0.1,0,0.0,0.0,1.0
572,arsenic-female-bladder,0,100,0.2,0,0.0,0.0,1.0
573,arsenic-female-bladder,0,100,0.5,0,0.0,0.0,1.0
574,arsenic-female-bladder,0,100,1,0,0.0,0.0,1.0
575,arsenic-female-lung,0,100,auto,0,0.0,0.0,1.0
576,arsenic-female-lung,0.05,100,auto,0,0.6396854764107307,0.0,0.9672626090082171
577,arsenic-female-lung,0.1,100,auto,0,0.40216216216216216,0.006711409395973086,0.8493471183247002
578,arsenic-female-lung,0.15,100,auto,0,0.2924043403769274,0.004878048780487759,0.771502707993103
579,arsenic-female-lung,0.2,100,auto,0,0.23555100694397027,0.02334182744812508,0.7436234395104836
580,arsenic-female-lung,0.25,100,auto,0,0.19584917908299798,0.033833630119562516,0.7281039504332335
581,arsenic-female-lung,LOF,100,auto,0,0.5464646464646463,0.0,0.9436421522519468
582,arsenic-female-lung,IF,100,auto,0,0.19684897699227763,0.02833635219353442,0.735510720779938
583,arsenic-female-lung,0,1,auto,0,0.0,0.0,1.0
584,arsenic-female-lung,0,2,auto,0,0.0,0.0,1.0
585,arsenic-female-lung,0,4,auto,0,0.0,0.0,1.0
586,arsenic-female-lung,0,8,auto,0,0.0,0.0,1.0
587,arsenic-female-lung,0,16,auto,0,0.0,0.0,1.0
588,arsenic-female-lung,0,32,auto,0,0.0,0.0,1.0
589,arsenic-female-lung,0,64,auto,0,0.0,0.0,1.0
590,arsenic-female-lung,0,128,auto,0,0.0,0.0,1.0
591,arsenic-female-lung,0,256,auto,0,0.0,0.0,1.0
592,arsenic-female-lung,0,512,auto,0,0.0,0.0,1.0
593,arsenic-female-lung,0,100,0.05,0,0.0,0.0,1.0
594,arsenic-female-lung,0,100,0.1,0,0.0,0.0,1.0
595,arsenic-female-lung,0,100,0.2,0,0.0,0.0,1.0
596,arsenic-female-lung,0,100,0.5,0,0.0,0.0,1.0
597,arsenic-female-lung,0,100,1,0,0.0,0.0,1.0
598,arsenic-male-bladder,0,100,auto,0,0.0,0.0,1.0
599,arsenic-male-bladder,0.05,100,auto,0,0.523076923076923,0.037037037037037014,0.902155621178361
600,arsenic-male-bladder,0.1,100,auto,0,0.35,0.0,0.8467476675599486
601,arsenic-male-bladder,0.15,100,auto,0,0.2599907260460954,0.0,0.7927204799487395
602,arsenic-male-bladder,0.2,100,auto,0,0.2060348583877995,0.0,0.7716547818098594
603,arsenic-male-bladder,0.25,100,auto,0,0.18493423750699667,0.027355623100303948,0.7528737879898003
604,arsenic-male-bladder,LOF,100,auto,0,0.5194968553459122,0.0,0.9708651703602464
605,arsenic-male-bladder,IF,100,auto,0,0.1824563455896689,0.06287683138890164,0.730330597348092
606,arsenic-male-bladder,0,1,auto,0,0.0,0.0,1.0
607,arsenic-male-bladder,0,2,auto,0,0.0,0.0,1.0
608,arsenic-male-bladder,0,4,auto,0,0.0,0.0,1.0
609,arsenic-male-bladder,0,8,auto,0,0.0,0.0,1.0
610,arsenic-male-bladder,0,16,auto,0,0.0,0.0,1.0
611,arsenic-male-bladder,0,32,auto,0,0.0,0.0,1.0
612,arsenic-male-bladder,0,64,auto,0,0.0,0.0,1.0
613,arsenic-male-bladder,0,128,auto,0,0.0,0.0,1.0
614,arsenic-male-bladder,0,256,auto,0,0.0,0.0,1.0
615,arsenic-male-bladder,0,512,auto,0,0.0,0.0,1.0
616,arsenic-male-bladder,0,100,0.05,0,0.0,0.0,1.0
617,arsenic-male-bladder,0,100,0.1,0,0.0,0.0,1.0
618,arsenic-male-bladder,0,100,0.2,0,0.0,0.0,1.0
619,arsenic-male-bladder,0,100,0.5,0,0.0,0.0,1.0
620,arsenic-male-bladder,0,100,1,0,0.0,0.0,1.0
621,arsenic-male-lung,0,100,auto,0,0.0,0.0,1.0
622,arsenic-male-lung,0.05,100,auto,0,0.6341463414634145,0.0,0.9158072109695434
623,arsenic-male-lung,0.1,100,auto,0,0.3779198635976129,0.0,0.8376746513772226
624,arsenic-male-lung,0.15,100,auto,0,0.27001352635811954,0.005181347150258945,0.7871866053927405
625,arsenic-male-lung,0.2,100,auto,0,0.20901742872743373,0.0030150753768844207,0.7497313480812118
626,arsenic-male-lung,0.25,100,auto,0,0.17061138790359875,0.0024610336341262264,0.7384991576152122
627,arsenic-male-lung,LOF,100,auto,0,0.6060908084163898,0.0,0.9526293591671412
628,arsenic-male-lung,IF,100,auto,0,0.1617947478417125,0.0,0.7450759709150944
629,arsenic-male-lung,0,1,auto,0,0.0,0.0,1.0
630,arsenic-male-lung,0,2,auto,0,0.0,0.0,1.0
631,arsenic-male-lung,0,4,auto,0,0.0,0.0,1.0
632,arsenic-male-lung,0,8,auto,0,0.0,0.0,1.0
633,arsenic-male-lung,0,16,auto,0,0.0,0.0,1.0
634,arsenic-male-lung,0,32,auto,0,0.0,0.0,1.0
635,arsenic-male-lung,0,64,auto,0,0.0,0.0,1.0
636,arsenic-male-lung,0,128,auto,0,0.0,0.0,1.0
637,arsenic-male-lung,0,256,auto,0,0.0,0.0,1.0
638,arsenic-male-lung,0,512,auto,0,0.0,0.0,1.0
639,arsenic-male-lung,0,100,0.05,0,0.0,0.0,1.0
640,arsenic-male-lung,0,100,0.1,0,0.0,0.0,1.0
641,arsenic-male-lung,0,100,0.2,0,0.0,0.0,1.0
642,arsenic-male-lung,0,100,0.5,0,0.0,0.0,1.0
643,arsenic-male-lung,0,100,1,0,0.0,0.0,1.0
644,backache,0,100,auto,0,0.0,0.0,1.0
645,backache,0.05,100,auto,0,0.2176470588235294,0.10344827586206894,0.8531266921857701
646,backache,0.1,100,auto,0,0.2790697674418604,0.0,0.8483089644812986
647,backache,0.15,100,auto,0,0.27028657616892904,0.10020876826722336,0.7874839690982365
648,backache,0.2,100,auto,0,0.3321857923497268,0.07091172214182336,0.8340593091462308
649,backache,0.25,100,auto,0,0.34857142857142864,0.0,0.8351133337844292
650,backache,LOF,100,auto,0,0.08275862068965516,0.0,0.7429329482019993
651,backache,IF,100,auto,0,0.3152542372881356,0.09589041095890413,0.8077639355052052
652,backache,0,1,auto,0,0.0,0.0,1.0
653,backache,0,2,auto,0,0.0,0.0,1.0
654,backache,0,4,auto,0,0.0,0.0,1.0
655,backache,0,8,auto,0,0.0,0.0,1.0
656,backache,0,16,auto,0,0.0,0.0,1.0
657,backache,0,32,auto,0,0.0,0.0,1.0
658,backache,0,64,auto,0,0.0,0.0,1.0
659,backache,0,128,auto,0,0.0,0.0,1.0
660,backache,0,256,auto,0,0.0,0.0,1.0
661,backache,0,512,auto,0,0.0,0.0,1.0
662,backache,0,100,0.05,0,0.0,0.0,1.0
663,backache,0,100,0.1,0,0.0,0.0,1.0
664,backache,0,100,0.2,0,0.0,0.0,1.0
665,backache,0,100,0.5,0,0.0,0.0,1.0
666,backache,0,100,1,0,0.0,0.0,1.0
667,breastw,0,100,auto,0,0.0,0.0,1.0
668,breastw,0.05,100,auto,0,0.24119532428355955,0.02136181575433916,0.7646239784920998
669,breastw,0.1,100,auto,0,0.42880287837176134,0.0,0.815334467342685
670,breastw,0.15,100,auto,0,0.5777949010557389,0.008546880500977476,0.8245634021732378
671,breastw,0.2,100,auto,0,0.696155156066295,0.005392317979467097,0.8340842170811353
672,breastw,0.25,100,auto,0,0.7878857169917881,0.009023771321931258,0.8398123494341767
673,breastw,LOF,100,auto,0,0.7835014171728167,0.006863470615526714,0.8592611659453218
674,breastw,IF,100,auto,0,0.9184591419484649,0.003540597525560051,0.9174745606446286
675,breastw,0,1,auto,0,0.0,0.0,1.0
676,breastw,0,2,auto,0,0.0,0.0,1.0
677,breastw,0,4,auto,0,0.0,0.0,1.0
678,breastw,0,8,auto,0,0.0,0.0,1.0
679,breastw,0,16,auto,0,0.0,0.0,1.0
680,breastw,0,32,auto,0,0.0,0.0,1.0
681,breastw,0,64,auto,0,0.0,0.0,1.0
682,breastw,0,128,auto,0,0.0,0.0,1.0
683,breastw,0,256,auto,0,0.0,0.0,1.0
684,breastw,0,512,auto,0,0.0,0.0,1.0
685,breastw,0,100,0.05,0,0.0,0.0,1.0
686,breastw,0,100,0.1,0,0.0,0.0,1.0
687,breastw,0,100,0.2,0,0.0,0.0,1.0
688,breastw,0,100,0.5,0,0.0,0.0,1.0
689,breastw,0,100,1,0,0.0,0.0,1.0
690,cardio,0,100,auto,0,0.0,0.0,1.0
691,cardio,0.05,100,auto,0,0.390734529599195,0.02624646132687959,0.8499447620561965
692,cardio,0.1,100,auto,0,0.4721152406434944,0.058318509400562164,0.7917852920090283
693,cardio,0.15,100,auto,0,0.5363584954895974,0.031777745255289244,0.7887798640763269
694,cardio,0.2,100,auto,0,0.5085695325203565,0.02783205596784474,0.8025767532960497
695,cardio,0.25,100,auto,0,0.4951191703578754,0.02053716519869127,0.7834057790056959
696,cardio,LOF,100,auto,0,0.27666594218648116,0.07395333214786717,0.7215487928891269
697,cardio,IF,100,auto,0,0.47482023257365463,0.034877145619379414,0.7960356511350333
698,cardio,0,1,auto,0,0.0,0.0,1.0
699,cardio,0,2,auto,0,0.0,0.0,1.0
700,cardio,0,4,auto,0,0.0,0.0,1.0
701,cardio,0,8,auto,0,0.0,0.0,1.0
702,cardio,0,16,auto,0,0.0,0.0,1.0
703,cardio,0,32,auto,0,0.0,0.0,1.0
704,cardio,0,64,auto,0,0.0,0.0,1.0
705,cardio,0,128,auto,0,0.0,0.0,1.0
706,cardio,0,256,auto,0,0.0,0.0,1.0
707,cardio,0,512,auto,0,0.0,0.0,1.0
708,cardio,0,100,0.05,0,0.0,0.0,1.0
709,cardio,0,100,0.1,0,0.0,0.0,1.0
710,cardio,0,100,0.2,0,0.0,0.0,1.0
711,cardio,0,100,0.5,0,0.0,0.0,1.0
712,cardio,0,100,1,0,0.0,0.0,1.0
713,climate-model-simulation-crashes,0,100,auto,0,0.0,0.0,1.0
714,climate-model-simulation-crashes,0.05,100,auto,0,0.07991189143996397,0.3118626956082786,0.41157199603414213
715,climate-model-simulation-crashes,0.1,100,auto,0,0.13077015048443616,0.0756693830034921,0.4531772668651829
716,climate-model-simulation-crashes,0.15,100,auto,0,0.13972563429571302,0.11501316944688324,0.45706901015669055
717,climate-model-simulation-crashes,0.2,100,auto,0,0.17094719865617694,0.17437078190387234,0.4639211541655672
718,climate-model-simulation-crashes,0.25,100,auto,0,0.2029687338340886,0.057627901605266214,0.4658487552259683
719,climate-model-simulation-crashes,LOF,100,auto,0,0.0,0.0,1.0
720,climate-model-simulation-crashes,IF,100,auto,0,0.1745696239574696,0.030386084211722692,0.441104155359647
721,climate-model-simulation-crashes,0,1,auto,0,0.0,0.0,1.0
722,climate-model-simulation-crashes,0,2,auto,0,0.0,0.0,1.0
723,climate-model-simulation-crashes,0,4,auto,0,0.0,0.0,1.0
724,climate-model-simulation-crashes,0,8,auto,0,0.0,0.0,1.0
725,climate-model-simulation-crashes,0,16,auto,0,0.0,0.0,1.0
726,climate-model-simulation-crashes,0,32,auto,0,0.0,0.0,1.0
727,climate-model-simulation-crashes,0,64,auto,0,0.0,0.0,1.0
728,climate-model-simulation-crashes,0,128,auto,0,0.0,0.0,1.0
729,climate-model-simulation-crashes,0,256,auto,0,0.0,0.0,1.0
730,climate-model-simulation-crashes,0,512,auto,0,0.0,0.0,1.0
731,climate-model-simulation-crashes,0,100,0.05,0,0.0,0.0,1.0
732,climate-model-simulation-crashes,0,100,0.1,0,0.0,0.0,1.0
733,climate-model-simulation-crashes,0,100,0.2,0,0.0,0.0,1.0
734,climate-model-simulation-crashes,0,100,0.5,0,0.0,0.0,1.0
735,climate-model-simulation-crashes,0,100,1,0,0.0,0.0,1.0
736,datatrieve,0,100,auto,0,0.0,0.0,1.0
737,datatrieve,0.05,100,auto,0,0.2352941176470588,0.0,0.845293195217838
738,datatrieve,0.1,100,auto,0,0.27499999999999997,0.14285714285714304,0.8731380205739178
739,datatrieve,0.15,100,auto,0,0.33999999999999997,0.0,0.9227980118590969
740,datatrieve,0.2,100,auto,0,0.3252252252252252,0.0,0.8681168778470325
741,datatrieve,0.25,100,auto,0,0.2797342192691029,0.0,0.8755323252601165
742,datatrieve,LOF,100,auto,0,0.22222222222222224,0.0,0.8711404445251257
743,datatrieve,IF,100,auto,0,0.29999999999999993,0.0,0.9245367807081044
744,datatrieve,0,1,auto,0,0.0,0.0,1.0
745,datatrieve,0,2,auto,0,0.0,0.0,1.0
746,datatrieve,0,4,auto,0,0.0,0.0,1.0
747,datatrieve,0,8,auto,0,0.0,0.0,1.0
748,datatrieve,0,16,auto,0,0.0,0.0,1.0
749,datatrieve,0,32,auto,0,0.0,0.0,1.0
750,datatrieve,0,64,auto,0,0.0,0.0,1.0
751,datatrieve,0,128,auto,0,0.0,0.0,1.0
752,datatrieve,0,256,auto,0,0.0,0.0,1.0
753,datatrieve,0,512,auto,0,0.0,0.0,1.0
754,datatrieve,0,100,0.05,0,0.0,0.0,1.0
755,datatrieve,0,100,0.1,0,0.0,0.0,1.0
756,datatrieve,0,100,0.2,0,0.0,0.0,1.0
757,datatrieve,0,100,0.5,0,0.0,0.0,1.0
758,datatrieve,0,100,1,0,0.0,0.0,1.0
759,fertility,0,100,auto,0,0.0,0.0,1.0
760,fertility,0.05,100,auto,0,0.0,0.0,0.7588473978241694
761,fertility,0.1,100,auto,0,0.02727272727272727,1.0,0.7519341563786008
762,fertility,0.15,100,auto,0,0.11196581196581194,0.3459119496855349,0.7266601581826996
763,fertility,0.2,100,auto,0,0.18225806451612897,0.1441441441441443,0.730505522901508
764,fertility,0.25,100,auto,0,0.21621621621621617,0.0,0.7982248238482385
765,fertility,LOF,100,auto,0,0.0,0.0,1.0
766,fertility,IF,100,auto,0,0.24567453115547488,0.006535947712418335,0.8119489897624528
767,fertility,0,1,auto,0,0.0,0.0,1.0
768,fertility,0,2,auto,0,0.0,0.0,1.0
769,fertility,0,4,auto,0,0.0,0.0,1.0
770,fertility,0,8,auto,0,0.0,0.0,1.0
771,fertility,0,16,auto,0,0.0,0.0,1.0
772,fertility,0,32,auto,0,0.0,0.0,1.0
773,fertility,0,64,auto,0,0.0,0.0,1.0
774,fertility,0,128,auto,0,0.0,0.0,1.0
775,fertility,0,256,auto,0,0.0,0.0,1.0
776,fertility,0,512,auto,0,0.0,0.0,1.0
777,fertility,0,100,0.05,0,0.0,0.0,1.0
778,fertility,0,100,0.1,0,0.0,0.0,1.0
779,fertility,0,100,0.2,0,0.0,0.0,1.0
780,fertility,0,100,0.5,0,0.0,0.0,1.0
781,fertility,0,100,1,0,0.0,0.0,1.0
782,flare,0,100,auto,0,0.0,0.0,1.0
783,flare,0.05,100,auto,0,0.16048074288965528,0.038410819000589305,0.8597781339127653
784,flare,0.1,100,auto,0,0.22049674283824072,0.024405866119502788,0.8749347624521241
785,flare,0.15,100,auto,0,0.22280664406803735,0.004781466474688307,0.8467272527175485
786,flare,0.2,100,auto,0,0.21996943229513327,0.011494252873563407,0.9202228581547698
787,flare,0.25,100,auto,0,0.2357757555407763,0.012335949065885598,0.8930940110107446
788,flare,LOF,100,auto,0,0.2243292595656742,0.02265192273331876,0.9097932210739023
789,flare,IF,100,auto,0,0.2951257461068851,0.010883204553025832,0.8748725877878514
790,flare,0,1,auto,0,0.0,0.0,1.0
791,flare,0,2,auto,0,0.0,0.0,1.0
792,flare,0,4,auto,0,0.0,0.0,1.0
793,flare,0,8,auto,0,0.0,0.0,1.0
794,flare,0,16,auto,0,0.0,0.0,1.0
795,flare,0,32,auto,0,0.0,0.0,1.0
796,flare,0,64,auto,0,0.0,0.0,1.0
797,flare,0,128,auto,0,0.0,0.0,1.0
798,flare,0,256,auto,0,0.0,0.0,1.0
799,flare,0,512,auto,0,0.0,0.0,1.0
800,flare,0,100,0.05,0,0.0,0.0,1.0
801,flare,0,100,0.1,0,0.0,0.0,1.0
802,flare,0,100,0.2,0,0.0,0.0,1.0
803,flare,0,100,0.5,0,0.0,0.0,1.0
804,flare,0,100,1,0,0.0,0.0,1.0
805,glass,0,100,auto,0,0.0,0.0,1.0
806,glass,0.05,100,auto,0,0.0999999999999999,0.0,0.8489404547299617
807,glass,0.1,100,auto,0,0.09999999999999995,0.3333333333333337,0.9240017714196423
808,glass,0.15,100,auto,0,0.10243902439024391,0.0,0.8682987294232656
809,glass,0.2,100,auto,0,0.10422322775263945,0.19765166340508786,0.8471996350236517
810,glass,0.25,100,auto,0,0.10983606557377049,0.14285714285714274,0.8871298554533098
811,glass,LOF,100,auto,0,0.10493631971892836,0.19999999999999996,0.8560115008778922
812,glass,IF,100,auto,0,0.11999999999999997,0.0,0.926802688934889
813,glass,0,1,auto,0,0.0,0.0,1.0
814,glass,0,2,auto,0,0.0,0.0,1.0
815,glass,0,4,auto,0,0.0,0.0,1.0
816,glass,0,8,auto,0,0.0,0.0,1.0
817,glass,0,16,auto,0,0.0,0.0,1.0
818,glass,0,32,auto,0,0.0,0.0,1.0
819,glass,0,64,auto,0,0.0,0.0,1.0
820,glass,0,128,auto,0,0.0,0.0,1.0
821,glass,0,256,auto,0,0.0,0.0,1.0
822,glass,0,512,auto,0,0.0,0.0,1.0
823,glass,0,100,0.05,0,0.0,0.0,1.0
824,glass,0,100,0.1,0,0.0,0.0,1.0
825,glass,0,100,0.2,0,0.0,0.0,1.0
826,glass,0,100,0.5,0,0.0,0.0,1.0
827,glass,0,100,1,0,0.0,0.0,1.0
828,ionosphere,0,100,auto,0,0.0,0.0,1.0
829,ionosphere,0.05,100,auto,0,0.24632867132867134,0.018699910952805075,0.8250698625132464
830,ionosphere,0.1,100,auto,0,0.4288198757763976,0.0,0.868797054423817
831,ionosphere,0.15,100,auto,0,0.5612077082417928,0.00813551766410348,0.8644808513063093
832,ionosphere,0.2,100,auto,0,0.6554369440083726,0.0077519379844960485,0.9039398459128896
833,ionosphere,0.25,100,auto,0,0.7113352423954176,0.0014451091601273669,0.9053241667226011
834,ionosphere,LOF,100,auto,0,0.6981313926042486,0.010159651669085583,0.8331613848508955
835,ionosphere,IF,100,auto,0,0.7114825520506052,0.0022883295194508564,0.8781774818930957
836,ionosphere,0,1,auto,0,0.0,0.0,1.0
837,ionosphere,0,2,auto,0,0.0,0.0,1.0
838,ionosphere,0,4,auto,0,0.0,0.0,1.0
839,ionosphere,0,8,auto,0,0.0,0.0,1.0
840,ionosphere,0,16,auto,0,0.0,0.0,1.0
841,ionosphere,0,32,auto,0,0.0,0.0,1.0
842,ionosphere,0,64,auto,0,0.0,0.0,1.0
843,ionosphere,0,128,auto,0,0.0,0.0,1.0
844,ionosphere,0,256,auto,0,0.0,0.0,1.0
845,ionosphere,0,512,auto,0,0.0,0.0,1.0
846,ionosphere,0,100,0.05,0,0.0,0.0,1.0
847,ionosphere,0,100,0.1,0,0.0,0.0,1.0
848,ionosphere,0,100,0.2,0,0.0,0.0,1.0
849,ionosphere,0,100,0.5,0,0.0,0.0,1.0
850,ionosphere,0,100,1,0,0.0,0.0,1.0
851,kc3,0,100,auto,0,0.0,0.0,1.0
852,kc3,0.05,100,auto,0,0.32825174825174824,0.0,0.9458433727688106
853,kc3,0.1,100,auto,0,0.3775280898876404,0.022556390977443518,0.88414596404775
854,kc3,0.15,100,auto,0,0.3659164034164034,0.02439024390243909,0.8847730869872643
855,kc3,0.2,100,auto,0,0.32937534549474845,0.0,0.9079299068550256
856,kc3,0.25,100,auto,0,0.30356034623550543,0.03584962607733318,0.8304196529038392
857,kc3,LOF,100,auto,0,0.36486879292418983,0.05142273829271411,0.8693758988161652
858,kc3,IF,100,auto,0,0.3693127736531505,0.039473684210526376,0.8708785985527098
859,kc3,0,1,auto,0,0.0,0.0,1.0
860,kc3,0,2,auto,0,0.0,0.0,1.0
861,kc3,0,4,auto,0,0.0,0.0,1.0
862,kc3,0,8,auto,0,0.0,0.0,1.0
863,kc3,0,16,auto,0,0.0,0.0,1.0
864,kc3,0,32,auto,0,0.0,0.0,1.0
865,kc3,0,64,auto,0,0.0,0.0,1.0
866,kc3,0,128,auto,0,0.0,0.0,1.0
867,kc3,0,256,auto,0,0.0,0.0,1.0
868,kc3,0,512,auto,0,0.0,0.0,1.0
869,kc3,0,100,0.05,0,0.0,0.0,1.0
870,kc3,0,100,0.1,0,0.0,0.0,1.0
871,kc3,0,100,0.2,0,0.0,0.0,1.0
872,kc3,0,100,0.5,0,0.0,0.0,1.0
873,kc3,0,100,1,0,0.0,0.0,1.0
874,letter,0,100,auto,0,0.0,0.0,1.0
875,letter,0.05,100,auto,0,0.08695220360024825,0.10975818898988209,0.6628899589524241
876,letter,0.1,100,auto,0,0.12524463761184418,0.07712451971580087,0.6560621060424782
877,letter,0.15,100,auto,0,0.1439824218947672,0.08783282618491325,0.645777472156213
878,letter,0.2,100,auto,0,0.16876386444708089,0.031477312303603996,0.6325993044813458
879,letter,0.25,100,auto,0,0.17044504668869284,0.03043040476023913,0.5908705590087325
880,letter,LOF,100,auto,0,0.0055045871559633005,1.0,0.6274897935237965
881,letter,IF,100,auto,0,0.10856060031772882,0.06397555781872077,0.6544720084077713
882,letter,0,1,auto,0,0.0,0.0,1.0
883,letter,0,2,auto,0,0.0,0.0,1.0
884,letter,0,4,auto,0,0.0,0.0,1.0
885,letter,0,8,auto,0,0.0,0.0,1.0
886,letter,0,16,auto,0,0.0,0.0,1.0
887,letter,0,32,auto,0,0.0,0.0,1.0
888,letter,0,64,auto,0,0.0,0.0,1.0
889,letter,0,128,auto,0,0.0,0.0,1.0
890,letter,0,256,auto,0,0.0,0.0,1.0
891,letter,0,512,auto,0,0.0,0.0,1.0
892,letter,0,100,0.05,0,0.0,0.0,1.0
893,letter,0,100,0.1,0,0.0,0.0,1.0
894,letter,0,100,0.2,0,0.0,0.0,1.0
895,letter,0,100,0.5,0,0.0,0.0,1.0
896,letter,0,100,1,0,0.0,0.0,1.0
897,lungcancer_GSE31210,0,100,auto,0,0.0,0.0,1.0
898,lungcancer_GSE31210,0.05,100,auto,0,0.16956521739130428,0.10344827586206903,0.8094182104226678
899,lungcancer_GSE31210,0.1,100,auto,0,0.20030248033877793,0.06046511627906981,0.8262167783647977
900,lungcancer_GSE31210,0.15,100,auto,0,0.20937766410912184,0.0,0.8162827592276344
901,lungcancer_GSE31210,0.2,100,auto,0,0.22749999999999995,0.05263157894736841,0.74761072459814
902,lungcancer_GSE31210,0.25,100,auto,0,0.23345543345543343,0.05175819834057709,0.7775606204876194
903,lungcancer_GSE31210,LOF,100,auto,0,0.15909090909090906,0.14285714285714302,0.7302246975708286
904,lungcancer_GSE31210,IF,100,auto,0,0.20344827586206896,0.06666666666666674,0.8260978119810509
905,lungcancer_GSE31210,0,1,auto,0,0.0,0.0,1.0
906,lungcancer_GSE31210,0,2,auto,0,0.0,0.0,1.0
907,lungcancer_GSE31210,0,4,auto,0,0.0,0.0,1.0
908,lungcancer_GSE31210,0,8,auto,0,0.0,0.0,1.0
909,lungcancer_GSE31210,0,16,auto,0,0.0,0.0,1.0
910,lungcancer_GSE31210,0,32,auto,0,0.0,0.0,1.0
911,lungcancer_GSE31210,0,64,auto,0,0.0,0.0,1.0
912,lungcancer_GSE31210,0,128,auto,0,0.0,0.0,1.0
913,lungcancer_GSE31210,0,256,auto,0,0.0,0.0,1.0
914,lungcancer_GSE31210,0,512,auto,0,0.0,0.0,1.0
915,lungcancer_GSE31210,0,100,0.05,0,0.0,0.0,1.0
916,lungcancer_GSE31210,0,100,0.1,0,0.0,0.0,1.0
917,lungcancer_GSE31210,0,100,0.2,0,0.0,0.0,1.0
918,lungcancer_GSE31210,0,100,0.5,0,0.0,0.0,1.0
919,lungcancer_GSE31210,0,100,1,0,0.0,0.0,1.0
920,lympho,0,100,auto,0,0.0,0.0,1.0
921,lympho,0.05,100,auto,0,0.8371794871794872,0.09090909090909093,0.7868539182404422
922,lympho,0.1,100,auto,0,0.5714285714285714,0.0,0.9011873787436807
923,lympho,0.15,100,auto,0,0.4317460317460317,0.0,0.8954051153233303
924,lympho,0.2,100,auto,0,0.33624649859943984,0.0,0.8258392778601231
925,lympho,0.25,100,auto,0,0.2790697674418604,0.0,0.7501693097616889
926,lympho,LOF,100,auto,0,0.0,0.0,1.0
927,lympho,IF,100,auto,0,0.20102863822326117,0.0,0.7053100425325939
928,lympho,0,1,auto,0,0.0,0.0,1.0
929,lympho,0,2,auto,0,0.0,0.0,1.0
930,lympho,0,4,auto,0,0.0,0.0,1.0
931,lympho,0,8,auto,0,0.0,0.0,1.0
932,lympho,0,16,auto,0,0.0,0.0,1.0
933,lympho,0,32,auto,0,0.0,0.0,1.0
934,lympho,0,64,auto,0,0.0,0.0,1.0
935,lympho,0,128,auto,0,0.0,0.0,1.0
936,lympho,0,256,auto,0,0.0,0.0,1.0
937,lympho,0,512,auto,0,0.0,0.0,1.0
938,lympho,0,100,0.05,0,0.0,0.0,1.0
939,lympho,0,100,0.1,0,0.0,0.0,1.0
940,lympho,0,100,0.2,0,0.0,0.0,1.0
941,lympho,0,100,0.5,0,0.0,0.0,1.0
942,lympho,0,100,1,0,0.0,0.0,1.0
943,mw1,0,100,auto,0,0.0,0.0,1.0
944,mw1,0.05,100,auto,0,0.19999999999999996,0.0,0.9181169465354239
945,mw1,0.1,100,auto,0,0.283149330767212,0.09118075184263826,0.8376675022859205
946,mw1,0.15,100,auto,0,0.31722434868502286,0.03448275862068954,0.8809455326297088
947,mw1,0.2,100,auto,0,0.29158622908622905,0.0303030303030302,0.8798942684509858
948,mw1,0.25,100,auto,0,0.2653597039093222,0.028571428571428654,0.8283485901959472
949,mw1,LOF,100,auto,0,0.10254706533776295,0.008849557522124105,0.9233394771954396
950,mw1,IF,100,auto,0,0.309090909090909,0.06249999999999993,0.8722631448254072
951,mw1,0,1,auto,0,0.0,0.0,1.0
952,mw1,0,2,auto,0,0.0,0.0,1.0
953,mw1,0,4,auto,0,0.0,0.0,1.0
954,mw1,0,8,auto,0,0.0,0.0,1.0
955,mw1,0,16,auto,0,0.0,0.0,1.0
956,mw1,0,32,auto,0,0.0,0.0,1.0
957,mw1,0,64,auto,0,0.0,0.0,1.0
958,mw1,0,128,auto,0,0.0,0.0,1.0
959,mw1,0,256,auto,0,0.0,0.0,1.0
960,mw1,0,512,auto,0,0.0,0.0,1.0
961,mw1,0,100,0.05,0,0.0,0.0,1.0
962,mw1,0,100,0.1,0,0.0,0.0,1.0
963,mw1,0,100,0.2,0,0.0,0.0,1.0
964,mw1,0,100,0.5,0,0.0,0.0,1.0
965,mw1,0,100,1,0,0.0,0.0,1.0
966,optdigits,0,100,auto,0,0.0,0.0,1.0
967,optdigits,0.05,100,auto,0,0.05484014589011928,0.1848442684362625,0.6820160923635634
968,optdigits,0.1,100,auto,0,0.06852892700466144,0.09778727582068306,0.6657038210601307
969,optdigits,0.15,100,auto,0,0.07668015571206985,0.2845364178760967,0.6645543703096655
970,optdigits,0.2,100,auto,0,0.09342449268912503,0.10480745960497262,0.6577908361483794
971,optdigits,0.25,100,auto,0,0.10610604966226408,0.11217400633081759,0.6417874033491565
972,optdigits,LOF,100,auto,0,0.00252368442003024,0.0,0.4394491398030205
973,optdigits,IF,100,auto,0,0.1116156694199214,0.1121777219717633,0.6522061024753449
974,optdigits,0,1,auto,0,0.0,0.0,1.0
975,optdigits,0,2,auto,0,0.0,0.0,1.0
976,optdigits,0,4,auto,0,0.0,0.0,1.0
977,optdigits,0,8,auto,0,0.0,0.0,1.0
978,optdigits,0,16,auto,0,0.0,0.0,1.0
979,optdigits,0,32,auto,0,0.0,0.0,1.0
980,optdigits,0,64,auto,0,0.0,0.0,1.0
981,optdigits,0,128,auto,0,0.0,0.0,1.0
982,optdigits,0,256,auto,0,0.0,0.0,1.0
983,optdigits,0,512,auto,0,0.0,0.0,1.0
984,optdigits,0,100,0.05,0,0.0,0.0,1.0
985,optdigits,0,100,0.1,0,0.0,0.0,1.0
986,optdigits,0,100,0.2,0,0.0,0.0,1.0
987,optdigits,0,100,0.5,0,0.0,0.0,1.0
988,optdigits,0,100,1,0,0.0,0.0,1.0
989,pc1,0,100,auto,0,0.0,0.0,1.0
990,pc1,0.05,100,auto,0,0.26120749479528105,0.05010020040080162,0.9118277278863706
991,pc1,0.1,100,auto,0,0.26836955285015357,0.019607843137255034,0.9437220446452875
992,pc1,0.15,100,auto,0,0.22526247004179858,0.0031023784901756664,0.9063283840074186
993,pc1,0.2,100,auto,0,0.21955287198940537,0.016641101328967903,0.8990588760745388
994,pc1,0.25,100,auto,0,0.21568226740929242,0.021897268408550923,0.8753899211019002
995,pc1,LOF,100,auto,0,0.26060606060606056,0.05109489051094891,0.9129227883828686
996,pc1,IF,100,auto,0,0.2655913978494623,0.020408163265306315,0.9433467380815245
997,pc1,0,1,auto,0,0.0,0.0,1.0
998,pc1,0,2,auto,0,0.0,0.0,1.0
999,pc1,0,4,auto,0,0.0,0.0,1.0
1000,pc1,0,8,auto,0,0.0,0.0,1.0
1001,pc1,0,16,auto,0,0.0,0.0,1.0
1002,pc1,0,32,auto,0,0.0,0.0,1.0
1003,pc1,0,64,auto,0,0.0,0.0,1.0
1004,pc1,0,128,auto,0,0.0,0.0,1.0
1005,pc1,0,256,auto,0,0.0,0.0,1.0
1006,pc1,0,512,auto,0,0.0,0.0,1.0
1007,pc1,0,100,0.05,0,0.0,0.0,1.0
1008,pc1,0,100,0.1,0,0.0,0.0,1.0
1009,pc1,0,100,0.2,0,0.0,0.0,1.0
1010,pc1,0,100,0.5,0,0.0,0.0,1.0
1011,pc1,0,100,1,0,0.0,0.0,1.0
1012,pima,0,100,auto,0,0.0,0.0,1.0
1013,pima,0.05,100,auto,0,0.14126246990024077,0.02325581395348839,0.8072273692709341
1014,pima,0.1,100,auto,0,0.2582726659925851,0.028446889616273306,0.8186716160870188
1015,pima,0.15,100,auto,0,0.3393486014445042,0.026691273479697523,0.7972118263722567
1016,pima,0.2,100,auto,0,0.40475059382422796,0.020275354644519256,0.7730218424468017
1017,pima,0.25,100,auto,0,0.45277155040654743,0.007938220253214697,0.8318387007077045
1018,pima,LOF,100,auto,0,0.07963763936947324,0.1317128321085359,0.7054442487291084
1019,pima,IF,100,auto,0,0.3198441028629707,0.013791213809480308,0.7896106548560918
1020,pima,0,1,auto,0,0.0,0.0,1.0
1021,pima,0,2,auto,0,0.0,0.0,1.0
1022,pima,0,4,auto,0,0.0,0.0,1.0
1023,pima,0,8,auto,0,0.0,0.0,1.0
1024,pima,0,16,auto,0,0.0,0.0,1.0
1025,pima,0,32,auto,0,0.0,0.0,1.0
1026,pima,0,64,auto,0,0.0,0.0,1.0
1027,pima,0,128,auto,0,0.0,0.0,1.0
1028,pima,0,256,auto,0,0.0,0.0,1.0
1029,pima,0,512,auto,0,0.0,0.0,1.0
1030,pima,0,100,0.05,0,0.0,0.0,1.0
1031,pima,0,100,0.1,0,0.0,0.0,1.0
1032,pima,0,100,0.2,0,0.0,0.0,1.0
1033,pima,0,100,0.5,0,0.0,0.0,1.0
1034,pima,0,100,1,0,0.0,0.0,1.0
1035,satellite,0,100,auto,0,0.0,0.0,1.0
1036,satellite,0.05,100,auto,0,0.2495529369882265,0.019354775738014297,0.7800118683864713
1037,satellite,0.1,100,auto,0,0.4353280274362759,0.015184217374978564,0.851803202161601
1038,satellite,0.15,100,auto,0,0.552122892829696,0.009900591239710014,0.891006681375155
1039,satellite,0.2,100,auto,0,0.5866879566613822,0.018004032668519247,0.861240713921589
1040,satellite,0.25,100,auto,0,0.5904427714131383,0.019906206893893642,0.8051965882665251
1041,satellite,LOF,100,auto,0,0.10813832268899759,0.03506893088092479,0.7148201953862595
1042,satellite,IF,100,auto,0,0.5633480991289219,0.006419818576321434,0.9011704269528271
1043,satellite,0,1,auto,0,0.0,0.0,1.0
1044,satellite,0,2,auto,0,0.0,0.0,1.0
1045,satellite,0,4,auto,0,0.0,0.0,1.0
1046,satellite,0,8,auto,0,0.0,0.0,1.0
1047,satellite,0,16,auto,0,0.0,0.0,1.0
1048,satellite,0,32,auto,0,0.0,0.0,1.0
1049,satellite,0,64,auto,0,0.0,0.0,1.0
1050,satellite,0,128,auto,0,0.0,0.0,1.0
1051,satellite,0,256,auto,0,0.0,0.0,1.0
1052,satellite,0,512,auto,0,0.0,0.0,1.0
1053,satellite,0,100,0.05,0,0.0,0.0,1.0
1054,satellite,0,100,0.1,0,0.0,0.0,1.0
1055,satellite,0,100,0.2,0,0.0,0.0,1.0
1056,satellite,0,100,0.5,0,0.0,0.0,1.0
1057,satellite,0,100,1,0,0.0,0.0,1.0
1058,satimage-2,0,100,auto,0,0.0,0.0,1.0
1059,satimage-2,0.05,100,auto,0,0.3813276264685219,0.006951219512195148,0.8138634716065413
1060,satimage-2,0.1,100,auto,0,0.21445182183126638,0.007001390287964319,0.8155481355848105
1061,satimage-2,0.15,100,auto,0,0.149595005513595,0.0013347575307835788,0.7814144881928157
1062,satimage-2,0.2,100,auto,0,0.1152131465463011,0.004906101167287421,0.7498862640849473
1063,satimage-2,0.25,100,auto,0,0.09348065763548696,0.001729229244411719,0.7215474324973848
1064,satimage-2,LOF,100,auto,0,0.6340519455513568,0.003610108303249173,0.8775185102072575
1065,satimage-2,IF,100,auto,0,0.21521756696651106,0.005982373915971003,0.8180971826953396
1066,satimage-2,0,1,auto,0,0.0,0.0,1.0
1067,satimage-2,0,2,auto,0,0.0,0.0,1.0
1068,satimage-2,0,4,auto,0,0.0,0.0,1.0
1069,satimage-2,0,8,auto,0,0.0,0.0,1.0
1070,satimage-2,0,16,auto,0,0.0,0.0,1.0
1071,satimage-2,0,32,auto,0,0.0,0.0,1.0
1072,satimage-2,0,64,auto,0,0.0,0.0,1.0
1073,satimage-2,0,128,auto,0,0.0,0.0,1.0
1074,satimage-2,0,256,auto,0,0.0,0.0,1.0
1075,satimage-2,0,512,auto,0,0.0,0.0,1.0
1076,satimage-2,0,100,0.05,0,0.0,0.0,1.0
1077,satimage-2,0,100,0.1,0,0.0,0.0,1.0
1078,satimage-2,0,100,0.2,0,0.0,0.0,1.0
1079,satimage-2,0,100,0.5,0,0.0,0.0,1.0
1080,satimage-2,0,100,1,0,0.0,0.0,1.0
1081,thoracic_surgery,0,100,auto,0,0.0,0.0,1.0
1082,thoracic_surgery,0.05,100,auto,0,0.09483403459560537,0.11111111111111158,0.8442016654423101
1083,thoracic_surgery,0.1,100,auto,0,0.1936192160330091,0.046694060515502414,0.8305354779333423
1084,thoracic_surgery,0.15,100,auto,0,0.3001849948612538,0.035714285714285775,0.8296733558535155
1085,thoracic_surgery,0.2,100,auto,0,0.3262082896902588,0.04564602689133833,0.8256696108661907
1086,thoracic_surgery,0.25,100,auto,0,0.3254901960784314,0.04098360655737713,0.7972903706892509
1087,thoracic_surgery,LOF,100,auto,0,0.0814774281805745,0.14285714285714252,0.8050562803552564
1088,thoracic_surgery,IF,100,auto,0,0.3124529963142555,0.03343623312381445,0.8463106140565448
1089,thoracic_surgery,0,1,auto,0,0.0,0.0,1.0
1090,thoracic_surgery,0,2,auto,0,0.0,0.0,1.0
1091,thoracic_surgery,0,4,auto,0,0.0,0.0,1.0
1092,thoracic_surgery,0,8,auto,0,0.0,0.0,1.0
1093,thoracic_surgery,0,16,auto,0,0.0,0.0,1.0
1094,thoracic_surgery,0,32,auto,0,0.0,0.0,1.0
1095,thoracic_surgery,0,64,auto,0,0.0,0.0,1.0
1096,thoracic_surgery,0,128,auto,0,0.0,0.0,1.0
1097,thoracic_surgery,0,256,auto,0,0.0,0.0,1.0
1098,thoracic_surgery,0,512,auto,0,0.0,0.0,1.0
1099,thoracic_surgery,0,100,0.05,0,0.0,0.0,1.0
1100,thoracic_surgery,0,100,0.1,0,0.0,0.0,1.0
1101,thoracic_surgery,0,100,0.2,0,0.0,0.0,1.0
1102,thoracic_surgery,0,100,0.5,0,0.0,0.0,1.0
1103,thoracic_surgery,0,100,1,0,0.0,0.0,1.0
1104,thyroid,0,100,auto,0,0.0,0.0,1.0
1105,thyroid,0.05,100,auto,0,0.5063741089681878,0.026450447738731238,0.8902312857012546
1106,thyroid,0.1,100,auto,0,0.3764097445901193,0.006448623160276757,0.8909681312161845
1107,thyroid,0.15,100,auto,0,0.27499301524815434,0.005904500214995092,0.8858697471273941
1108,thyroid,0.2,100,auto,0,0.2189350257191966,0.004518114388395765,0.860725060864636
1109,thyroid,0.25,100,auto,0,0.1799018657003843,0.0004833252779120097,0.8506920064261866
1110,thyroid,LOF,100,auto,0,0.5389605571339928,0.01915708812260538,0.8933275933793318
1111,thyroid,IF,100,auto,0,0.38699863858222316,0.006473184515224515,0.8879509561376283
1112,thyroid,0,1,auto,0,0.0,0.0,1.0
1113,thyroid,0,2,auto,0,0.0,0.0,1.0
1114,thyroid,0,4,auto,0,0.0,0.0,1.0
1115,thyroid,0,8,auto,0,0.0,0.0,1.0
1116,thyroid,0,16,auto,0,0.0,0.0,1.0
1117,thyroid,0,32,auto,0,0.0,0.0,1.0
1118,thyroid,0,64,auto,0,0.0,0.0,1.0
1119,thyroid,0,128,auto,0,0.0,0.0,1.0
1120,thyroid,0,256,auto,0,0.0,0.0,1.0
1121,thyroid,0,512,auto,0,0.0,0.0,1.0
1122,thyroid,0,100,0.05,0,0.0,0.0,1.0
1123,thyroid,0,100,0.1,0,0.0,0.0,1.0
1124,thyroid,0,100,0.2,0,0.0,0.0,1.0
1125,thyroid,0,100,0.5,0,0.0,0.0,1.0
1126,thyroid,0,100,1,0,0.0,0.0,1.0
1127,vertebral,0,100,auto,0,0.0,0.0,1.0
1128,vertebral,0.05,100,auto,0,0.01428571428571428,1.0,0.8163136946934438
1129,vertebral,0.1,100,auto,0,0.03703703703703699,0.0,0.8412046494911662
1130,vertebral,0.15,100,auto,0,0.04559440559440558,0.33333333333333337,0.8725255214382093
1131,vertebral,0.2,100,auto,0,0.05391275391275384,0.0,0.7937073060379274
1132,vertebral,0.25,100,auto,0,0.06232323232323227,0.135483870967742,0.8425069440150774
1133,vertebral,LOF,100,auto,0,0.009756097560975601,0.0,0.8288376203954063
1134,vertebral,IF,100,auto,0,0.033403214535289966,0.0,0.8894831122455702
1135,vertebral,0,1,auto,0,0.0,0.0,1.0
1136,vertebral,0,2,auto,0,0.0,0.0,1.0
1137,vertebral,0,4,auto,0,0.0,0.0,1.0
1138,vertebral,0,8,auto,0,0.0,0.0,1.0
1139,vertebral,0,16,auto,0,0.0,0.0,1.0
1140,vertebral,0,32,auto,0,0.0,0.0,1.0
1141,vertebral,0,64,auto,0,0.0,0.0,1.0
1142,vertebral,0,128,auto,0,0.0,0.0,1.0
1143,vertebral,0,256,auto,0,0.0,0.0,1.0
1144,vertebral,0,512,auto,0,0.0,0.0,1.0
1145,vertebral,0,100,0.05,0,0.0,0.0,1.0
1146,vertebral,0,100,0.1,0,0.0,0.0,1.0
1147,vertebral,0,100,0.2,0,0.0,0.0,1.0
1148,vertebral,0,100,0.5,0,0.0,0.0,1.0
1149,vertebral,0,100,1,0,0.0,0.0,1.0
1150,visualizing_livestock,0,100,auto,0,0.0,0.0,1.0
1151,visualizing_livestock,0.05,100,auto,0,0.025806451612903198,1.0,0.7548290466587769
1152,visualizing_livestock,0.1,100,auto,0,0.04751066856330012,0.0,0.9069260058340226
1153,visualizing_livestock,0.15,100,auto,0,0.09999999999999995,0.19999999999999984,0.8481300058234749
1154,visualizing_livestock,0.2,100,auto,0,0.1458823529411765,0.1404494382022472,0.7763499672949318
1155,visualizing_livestock,0.25,100,auto,0,0.18353041695146954,0.07169498549523412,0.773946003591576
1156,visualizing_livestock,LOF,100,auto,0,0.0,0.0,1.0
1157,visualizing_livestock,IF,100,auto,0,0.15583508036338223,0.11111111111111127,0.8301764165030928
1158,visualizing_livestock,0,1,auto,0,0.0,0.0,1.0
1159,visualizing_livestock,0,2,auto,0,0.0,0.0,1.0
1160,visualizing_livestock,0,4,auto,0,0.0,0.0,1.0
1161,visualizing_livestock,0,8,auto,0,0.0,0.0,1.0
1162,visualizing_livestock,0,16,auto,0,0.0,0.0,1.0
1163,visualizing_livestock,0,32,auto,0,0.0,0.0,1.0
1164,visualizing_livestock,0,64,auto,0,0.0,0.0,1.0
1165,visualizing_livestock,0,128,auto,0,0.0,0.0,1.0
1166,visualizing_livestock,0,256,auto,0,0.0,0.0,1.0
1167,visualizing_livestock,0,512,auto,0,0.0,0.0,1.0
1168,visualizing_livestock,0,100,0.05,0,0.0,0.0,1.0
1169,visualizing_livestock,0,100,0.1,0,0.0,0.0,1.0
1170,visualizing_livestock,0,100,0.2,0,0.0,0.0,1.0
1171,visualizing_livestock,0,100,0.5,0,0.0,0.0,1.0
1172,visualizing_livestock,0,100,1,0,0.0,0.0,1.0
1173,vowels,0,100,auto,0,0.0,0.0,1.0
1174,vowels,0.05,100,auto,0,0.2290918343406439,0.09701492537313426,0.6405051508114172
1175,vowels,0.1,100,auto,0,0.19946624803767657,0.04151444702756569,0.665876151054488
1176,vowels,0.15,100,auto,0,0.17497272825708024,0.0430013618923297,0.6911937176967444
1177,vowels,0.2,100,auto,0,0.1645531508339857,0.0494910494910495,0.6719713476779002
1178,vowels,0.25,100,auto,0,0.1576472274380605,0.02600016568883929,0.6930579077511905
1179,vowels,LOF,100,auto,0,0.16107226107226105,0.22727272727272724,0.5012663168004529
1180,vowels,IF,100,auto,0,0.1880553226666979,0.10347819798973175,0.6647143219100605
1181,vowels,0,1,auto,0,0.0,0.0,1.0
1182,vowels,0,2,auto,0,0.0,0.0,1.0
1183,vowels,0,4,auto,0,0.0,0.0,1.0
1184,vowels,0,8,auto,0,0.0,0.0,1.0
1185,vowels,0,16,auto,0,0.0,0.0,1.0
1186,vowels,0,32,auto,0,0.0,0.0,1.0
1187,vowels,0,64,auto,0,0.0,0.0,1.0
1188,vowels,0,128,auto,0,0.0,0.0,1.0
1189,vowels,0,256,auto,0,0.0,0.0,1.0
1190,vowels,0,512,auto,0,0.0,0.0,1.0
1191,vowels,0,100,0.05,0,0.0,0.0,1.0
1192,vowels,0,100,0.1,0,0.0,0.0,1.0
1193,vowels,0,100,0.2,0,0.0,0.0,1.0
1194,vowels,0,100,0.5,0,0.0,0.0,1.0
1195,vowels,0,100,1,0,0.0,0.0,1.0
1196,wbc,0,100,auto,0,0.0,0.0,1.0
1197,wbc,0.05,100,auto,0,0.515,0.047619047619047755,0.8523425643946315
1198,wbc,0.1,100,auto,0,0.48895382817066046,0.03448275862068962,0.8986242205655623
1199,wbc,0.15,100,auto,0,0.4338661338661337,0.0,0.8790894806650679
1200,wbc,0.2,100,auto,0,0.3570661512027492,0.022827632662225875,0.8336291101408022
1201,wbc,0.25,100,auto,0,0.32201372997711664,0.02702702702702722,0.8238647786438348
1202,wbc,LOF,100,auto,0,0.5275510204081633,0.050119331742243464,0.8905735641572774
1203,wbc,IF,100,auto,0,0.5215234102026555,0.00702576112412185,0.90369760535201
1204,wbc,0,1,auto,0,0.0,0.0,1.0
1205,wbc,0,2,auto,0,0.0,0.0,1.0
1206,wbc,0,4,auto,0,0.0,0.0,1.0
1207,wbc,0,8,auto,0,0.0,0.0,1.0
1208,wbc,0,16,auto,0,0.0,0.0,1.0
1209,wbc,0,32,auto,0,0.0,0.0,1.0
1210,wbc,0,64,auto,0,0.0,0.0,1.0
1211,wbc,0,128,auto,0,0.0,0.0,1.0
1212,wbc,0,256,auto,0,0.0,0.0,1.0
1213,wbc,0,512,auto,0,0.0,0.0,1.0
1214,wbc,0,100,0.05,0,0.0,0.0,1.0
1215,wbc,0,100,0.1,0,0.0,0.0,1.0
1216,wbc,0,100,0.2,0,0.0,0.0,1.0
1217,wbc,0,100,0.5,0,0.0,0.0,1.0
1218,wbc,0,100,1,0,0.0,0.0,1.0
1219,wine,0,100,auto,0,0.0,0.0,1.0
1220,wine,0.05,100,auto,0,0.05,1.0,0.7346681364304112
1221,wine,0.1,100,auto,0,0.13913043478260864,0.3333333333333333,0.7167224057480174
1222,wine,0.15,100,auto,0,0.2689655172413793,0.18750000000000008,0.6848008914451374
1223,wine,0.2,100,auto,0,0.29539682539682544,0.09090909090909086,0.7192681354160056
1224,wine,0.25,100,auto,0,0.2728222996515679,0.009063444108761351,0.7061270802508186
1225,wine,LOF,100,auto,0,0.3043010752688171,0.09333333333333335,0.7121986499481794
1226,wine,IF,100,auto,0,0.2692307692307693,0.14285714285714302,0.7424412774398501
1227,wine,0,1,auto,0,0.0,0.0,1.0
1228,wine,0,2,auto,0,0.0,0.0,1.0
1229,wine,0,4,auto,0,0.0,0.0,1.0
1230,wine,0,8,auto,0,0.0,0.0,1.0
1231,wine,0,16,auto,0,0.0,0.0,1.0
1232,wine,0,32,auto,0,0.0,0.0,1.0
1233,wine,0,64,auto,0,0.0,0.0,1.0
1234,wine,0,128,auto,0,0.0,0.0,1.0
1235,wine,0,256,auto,0,0.0,0.0,1.0
1236,wine,0,512,auto,0,0.0,0.0,1.0
1237,wine,0,100,0.05,0,0.0,0.0,1.0
1238,wine,0,100,0.1,0,0.0,0.0,1.0
1239,wine,0,100,0.2,0,0.0,0.0,1.0
1240,wine,0,100,0.5,0,0.0,0.0,1.0
1241,wine,0,100,1,0,0.0,0.0,1.0
